target,src,lat,lng
Title,OSM,52.2503183,1.5537012
Appleford,OSM,51.6391211,-1.2400298
Appleton,OSM,51.7098231,-1.3627799
Appleford,YQL,51.63862,-1.24038
Ashampstead,OSM,51.4876934,-1.1865168
Aston Tirrold,OSM,51.5700494,-1.1969165
Besselsleigh,OSM,51.70840745,-1.33653269800774
Basildon,OSM,51.5681417,0.4567961
Ashampstead,YQL,51.48856,-1.18706
Aston Tirrold,YQL,51.5701,-1.20076
Drayton,OSM,50.9395956,-2.780389
Frilford,OSM,51.67520455,-1.3762360420109
Basildon,YQL,51.56782,0.44482
Besselsleigh,YQL,51.71089,-1.33712
Garford,OSM,51.6624748,-1.3848258
Fyfield,OSM,51.6872279,-1.3915106
Ashton Upthorpe,YQL,51.572922,-1.20359
Harwell,OSM,51.5999743,-1.2909164
Lyford,OSM,51.6462446,-1.4354038
Marcham,OSM,51.6679922,-1.3412887
Dudcott (Didcot),YQL,51.60281,-1.27363
Frilford,YQL,51.67103,-1.36395
Fyfield,YQL,51.21927,-1.57875
Grampold (Grandpont),YQL,51.743301,-1.25925
Garford,YQL,51.65247,-1.40819
"Hagbourne, East and West",OSM,51.5875468,-1.2617513
Moulsford,OSM,51.5505507,-1.1495742
"Moreton, North",OSM,53.4072656,-3.1132696
Milton,OSM,52.0114525,-1.3457737
"Hagbourne, East and West",YQL,51.593021,-1.23528
Harwell,YQL,53.42213,-0.9677
"Moreton, South",OSM,51.7363691,-0.9946278
Radley,OSM,51.6867299,-1.2385202
Marcham,YQL,51.66712,-1.34165
Kingston Bagpinge,YQL,51.681389,-1.41122
Shippon,OSM,51.6797507,-1.307301
Steventon,OSM,51.218004,-1.2255614498362
Streatley,OSM,51.9463121,-0.4454221
Milton,YQL,50.797501,-1.05107
"Moreton, North",YQL,51.60062,-1.19077
"Moreton, South",YQL,51.59018,-1.19333
Sunningwell,OSM,51.7016211,-1.28274039368901
Radley,YQL,51.69014,-1.24735
Moulsford,YQL,51.55325,-1.15033
Sutton Courtney,OSM,53.7540586,-0.3191666
Upton,OSM,51.7965932,-0.8806455
Shippon,YQL,51.68304,-1.3039
"Wittenham, Little",OSM,51.6341619,-1.1865769
Wytham,OSM,51.7748176,-1.3116013
Streatley,YQL,51.94253,-0.44162
Aldworth,OSM,51.511926,-1.2004347
Sutton Courtney,YQL,51.361176,-0.197545
Sunningwell,YQL,51.70149,-1.28194
"Wittenham, Long",OSM,51.6383832,-1.20778518895671
Beedon,OSM,51.5001333,-1.3065601
Boxford,OSM,52.029187,0.8598002
Upton,YQL,51.455292,0.12786
"Wittenham, Little",YQL,51.63434,-1.18749
"Wittenham, Long",YQL,51.64091,-1.21017
Brimpton,OSM,51.3786132,-1.1989082
Wytham,YQL,51.77489,-1.31198
Aldworth,YQL,51.50965,-1.20124
Chaddleworth,OSM,51.4935149,-1.4033661
"Challow, East",OSM,51.5908018,-1.4538853
Beedon,YQL,51.49289,-1.29733
"Challow, West",OSM,51.592918,-1.470725
Brimpton,YQL,51.37996,-1.19962
Chilton,OSM,51.7987104,-1.0045588
Compton,OSM,51.5155951,-1.2451999
Farnborough,OSM,51.294147,-0.7564956
Chaddleworth,YQL,51.49733,-1.4075
"Challow, East",YQL,51.59124,-1.45241
Fawley,OSM,50.82698245,-1.35983845962002
"Challow, West",YQL,51.59274,-1.47049
Frilsham,OSM,51.4528532,-1.2190356
Chieveley (including Courage Snelsmore and Oare),YQL,51.461996,-1.314905
Chilton,YQL,51.567699,-1.29297
Greenham,OSM,50.9744238,-3.3127389
Hampstead Marshall,OSM,51.3884956,-1.4094989
Farnborough,YQL,51.2938,-0.75539
Fawley,YQL,51.57664,-0.91011
Hungerford,OSM,51.4154718,-1.518917
Frilsham,YQL,51.45473,-1.216
Inkpen,OSM,51.3743298,-1.481743
Greenham,YQL,51.38588,-1.30827
"Ilsley, West",OSM,51.5263474,-1.2925446
Hampstead Norris,YQL,51.483318,-1.23893
"Ilsley, East",OSM,51.5404434,-1.3203077
Leckhampstead,OSM,52.0336802,-0.9402602
Hungerford,YQL,51.41349,-1.51593
Letcombe Bassett,OSM,51.5629458,-1.4629412
Letcombe Regis,OSM,51.5762866,-1.45213
"Ilsley, East",YQL,51.52749,-1.29072
"Ilsley, West",YQL,51.53969,-1.31769
Kentbury,YQL,51.397171,-1.44794
Midgham,OSM,51.4001004,-1.2019765
Leckhampstead,YQL,51.48389,-1.36901
Letcombe Bassett,YQL,51.56383,-1.46131
Shalbourne,OSM,51.3658886,-1.549011
Peasemore,OSM,51.4931828,-1.342447
Newbury (parish),OSM,51.0350217,-2.2685873
Midgham,YQL,51.396069,-1.17744
Shaw cum Donnington,OSM,51.4196825,-1.338613
Letcombe Regis,YQL,51.57881,-1.45041
Peasemore,YQL,51.49256,-1.34178
"Shefford, Little",OSM,52.0384063,-0.3355203
"Shefford, West",OSM,52.0384063,-0.3355203
Speen Church,OSM,51.4108503,-1.3439493
Speenhamland,OSM,51.4067409,-1.3235135
Shalbourne,YQL,51.36852,-1.54573
Shaw cum Donnington,YQL,51.415764,-1.330455
Stanford Dingley,OSM,51.4391213,-1.1730352
"Shefford, Little",YQL,53.427799,-1.5963
Welford,OSM,51.4572597,-1.4106327
Wasing,OSM,51.374394,-1.1726162766384
Speenhamland,YQL,51.407001,-1.325
Yattendon,OSM,51.4667097,-1.2049508
Stanford Dingley,YQL,51.43889,-1.17003
Wasing,YQL,51.37388,-1.18061
Aldermaston,OSM,51.3831923,-1.1516176
Welford,YQL,51.45745,-1.41124
Beenham,OSM,51.4146335,-1.1521555
Blewbury,OSM,51.5683589,-1.2373638
Bradfield,OSM,51.4513919,-1.1335927
Woodspeen and Bagnor,YQL,51.421395,-1.350255
Yattendon,YQL,51.46609,-1.20669
Burghfield,OSM,51.413383,-1.0382194
Aldermaston,YQL,51.38296,-1.15258
Beenham,YQL,51.4155,-1.15266
Cholsey,OSM,51.5751616,-1.1535181
Englefield,OSM,51.4437353,-1.1013059
Padworth,OSM,51.3937489,-1.1129334
Pangbourne,OSM,51.483784,-1.0861578
Blewbury,YQL,51.56632,-1.23405
Bradfield,YQL,51.44897,-1.13032
Purley,OSM,51.3384117,-0.1156259
Cholsey,YQL,51.56787,-1.14402
Burghfield,YQL,51.41117,-1.04258
Padworth,YQL,51.40101,-1.13607
Pangbourne,YQL,51.4828,-1.08727
Sonning,OSM,51.473589,-0.9099103
Shinfield,OSM,51.4100983,-0.948379
Purley,YQL,51.33867,-0.11673
"Reading, St Giles",YQL,51.45071,-0.96841
"Reading, St Giles",OSM,51.45094685,-0.9703693
"Reading, St Mary",OSM,51.45449845,-0.973612186805556
Sulham,OSM,51.4636309,-1.0738061
Stratfield Mortimer,OSM,51.3738547,-1.0388058
"Reading, St Mary",YQL,51.39994,-1.05316
Shinfield,YQL,51.40769,-0.94732
"Reading, St Lawrence",OSM,51.4586831,-1.0209163
Sonning,YQL,51.4741,-0.90965
Stratfield Mortimer,YQL,51.37301,-1.04137
Sulham,YQL,51.46329,-1.07328
Sulhampstead Abbots,YQL,51.400002,-1.0667
Sulhampstead Banister,YQL,51.414196,-1.093385
Thatcham,OSM,51.4031623,-1.2590991
Thatcham,YQL,51.40384,-1.26359
Tedmarsh,YQL,51.468849,-1.08696
Ufton,OSM,52.2552109,-1.4468383
Woolhampton,YQL,51.39764,-1.17905
Woolhampton,OSM,51.398411,-1.1758223
Ufton,YQL,52.25586,-1.44647
Addington,OSM,51.9509273,-0.9212331
Adstock,OSM,51.9656154,-0.9289244
Akeley,OSM,52.0334994,-0.9680644
Barton,OSM,51.9673954,-0.4256503
Barton,YQL,51.96608,-0.42623
Beachampton,YQL,52.02389,-0.87425
Biddlesden,YQL,52.0564,-1.07915
Beachampton,OSM,52.0241892,-0.8742193
Caversfield,YQL,51.92159,-1.15681
Biddlesden,OSM,52.0561899,-1.0751995
Chetwode,YQL,51.96051,-1.06603
Caversfield,OSM,51.9199083,-1.1474881
Chetwode,OSM,51.9642234,-1.0727114
Edgcott,YQL,51.89548,-1.01599
Foxcott,YQL,51.22319,-1.50895
Hillesden,YQL,51.95296,-1.00405
Edgcott,OSM,51.8988652,-1.0164222
Leckhampstead,YQL,51.48389,-1.36901
Lillingston Dayrell,YQL,52.052139,-0.9799
Foxcott,OSM,51.6586806,-1.8691031
Hillesden,OSM,51.9547205,-1.0047402
Leckhampstead,OSM,52.0336802,-0.9402602
Marsh Gibbon,YQL,51.9029,-1.05968
Moreton,YQL,51.98973,-1.70328
Padbury,YQL,51.96931,-0.95473
Preston Bissett,YQL,51.96266,-1.04401
Marsh Gibbon,OSM,51.9029121,-1.0601711
Radclive cum Chackmore,YQL,52.016224,-1.003175
Steeple Claydon,YQL,51.93811,-0.98176
Moreton,OSM,51.7363691,-0.9946278
Padbury,OSM,51.9690504,-0.9529609
Preston Bissett,OSM,51.9633333,-1.0435175
Thornton,YQL,53.8741,-3.00074
Radclive cum Chackmore,OSM,52.0149477,-0.9990391
Shalston,OSM,51.391654,-0.297793
Tingewick,YQL,51.99038,-1.04447
Turweston,YQL,52.03481,-1.12468
Twyford,YQL,51.475559,-0.86387
Westbury,YQL,51.25747,-2.18513
Water Stratford,YQL,52.00604,-1.05037
Steeple Claydon,OSM,51.9376924,-0.9866761
Stowe,OSM,51.7545185,-2.6386749
Thornborough,OSM,51.9965478,-0.9154978
Aston Abbots,YQL,51.872108,-0.76977
Cheddington,YQL,51.84683,-0.66272
Thornton,OSM,52.0154955,-0.9053801
Choulesbury,YQL,51.755989,-0.66011
Tingewick,OSM,51.9898434,-1.0458813
Cublington,YQL,51.89231,-0.78039
Drayton Beauchamp,YQL,51.79776,-0.69077
Drayton Parslow,YQL,51.95109,-0.7746
Turweston,OSM,52.0338529,-1.125625
Dunton,YQL,52.08276,-0.19627
Edlesborough,YQL,51.86187,-0.59151
Water Stratford,OSM,52.004066,-1.0508568
Twyford,OSM,51.9315564,-1.0358424
Hardwick and Weedon,YQL,52.21171,0.007465
Hoggeston,YQL,51.91808,-0.82822
Westbury,OSM,51.261079,-2.1836535
"Horwood, Great",YQL,51.97368,-0.87927
"Horwood, Little",YQL,51.96958,-0.85075
Cheddington,OSM,51.8472781,-0.6640398
Ivinghoe,YQL,51.83801,-0.62963
Linslade,YQL,51.92052,-0.68129
Marsworth cum Hawridge,YQL,51.747364,-0.629745
Cublington,OSM,51.8922815,-0.7786112
Pitstone cum Nettleden,YQL,51.783686,-0.521645
Slapton,YQL,51.87776,-0.64415
Drayton Beauchamp,OSM,51.80199,-0.6947521
Drayton Parslow,OSM,51.9487462,-0.7798637
Soulbury,YQL,51.93663,-0.71834
Dunton,OSM,51.909176,-0.8077239
Stewkley,YQL,51.92774,-0.76324
Aston Abbots,OSM,52.4971557,-1.9195323
Swanbourne,YQL,51.93876,-0.82898
Whaddon cum Nash,YQL,52.003502,-0.85864
Whitchurch,YQL,52.97057,-2.6852
Wing,YQL,51.89819,-0.71869
Wingrave,YQL,51.86351,-0.74004
Edlesborough,OSM,51.8663877,-0.5852479
Hoggeston,OSM,51.9186077,-0.8261093
Hardwick and Weedon,OSM,51.8513775,-0.811418010025384
Grove,OSM,51.893011,-0.6663863
Clare Hall,YQL,52.2043,0.10438
Corpus Christ College,YQL,52.20573,0.12095
Jesus College,YQL,52.208469,0.12289
"Horwood, Great",OSM,51.97345295,-0.882430239844535
Ivinghoe,OSM,51.8364034,-0.6298887
"Horwood, Little",OSM,51.0285989,-4.1373405
Mentmore,OSM,51.8694849,-0.6840518
Slapton,OSM,51.8772188,-0.6449727
Sidney Sussex College,YQL,52.207249,0.11989
Soulbury,OSM,51.9365517,-0.7185635
Trinity Hall,YQL,52.205841,0.1163
Linslade,OSM,51.917107,-0.6760937
Stewkley,OSM,51.926778,-0.7616786
Swanbourne,OSM,51.938451,-0.8382145
Whitchurch,OSM,52.9704092,-2.6852137
St Martin,YQL,50.072441,-5.16661
Gonville and Caius College,YQL,52.20578,0.11797
St Michael,YQL,51.457489,-2.60087
Wingrave,OSM,51.8625421,-0.7388125
Wing,OSM,51.8964455,-0.7180656
Winslow,OSM,51.9444399,-0.8819131
Botus Fleming,YQL,50.43026,-4.24716
Calstock,YQL,50.49632,-4.20631
"Christ's College",OSM,52.20617965,0.122706589854823
Clare Hall,OSM,52.2040429,0.104259651993371
Egloskerry,YQL,50.65341,-4.44621
Landrake,YQL,50.4233,-4.29053
Corpus Christ College,OSM,51.7476722,-1.2427835886397
Gonville and Caius College,OSM,52.20596075,0.117204807038797
Emanuel College,OSM,52.5400931,-1.8706602
Landulph,YQL,50.4331,-4.21069
"King's College",OSM,57.1638059,-2.1015509
Lawhitton,YQL,50.61663,-4.32696
Magdalen College,OSM,51.7544851,-1.24552232312345
Lewanick,YQL,53.861204,-2.564835
Lezant,YQL,50.5879,-4.34655
Linkinhorn,YQL,50.53809,-4.37271
Camelford ,YQL,50.6232,-4.67839
"St John's College",OSM,51.7572533,-1.25777201335503
"St Katherine's Hall",OSM,52.03644425,-2.42306400070719
Menheniot,YQL,50.43997,-4.40997
Jesus College,OSM,51.75348885,-1.25734136072979
Northill,YQL,52.10529,-0.323
Pillaton,YQL,50.45568,-4.30271
Quethiock,YQL,50.45898,-4.37832
Rame,YQL,50.32336,-4.21349
"St Peter's College",OSM,51.7525243,-1.26100698428777
St Dominick,YQL,50.48804,-4.25548
Launceston,YQL,50.63675,-4.36333
Trinity College,OSM,51.7553727,-1.25642993966703
Sidney Sussex College,OSM,52.207505,0.125320096898243
"Queen's College",OSM,52.2015468,0.1149272
St Ive,YQL,50.47977,-4.38348
Pembroke Hall,OSM,51.75025515,-1.25862937440447
St Mellion,YQL,50.46806,-4.27093
Trinity Hall,OSM,51.45275785,-0.964302823673632
South Petherwin,YQL,50.61146,-4.39072
Stoke Climsland,YQL,50.54752,-4.3159
St Bridget,OSM,51.8789834,-2.79154101662189
Tremayne,YQL,50.16891,-5.30082
Tresmeer,YQL,50.66056,-4.50042
St Mary on the Hill,OSM,53.1829248,-2.8889447
Trewen,YQL,51.61443,-2.7859
St Michael,OSM,53.33289595,-1.6501323385834
St Martin,OSM,50.3697775,-4.4473158
Breock ,YQL,50.51084,-4.85333
Budock,YQL,50.14617,-5.10358
St Olave,OSM,51.5108856,-0.0794382072969246
St Thomas,YQL,50.709572,-3.54769
Cury,YQL,50.04656,-5.24487
St Oswald,OSM,53.7345362,-1.40862044449045
Botus Fleming,OSM,50.4297986,-4.247599
St Peter,OSM,51.08098685,-1.20052769527953
Holy Trinity,OSM,52.9168693,-1.46947241552831
Germoe,YQL,50.11279,-5.38215
Sheviock,YQL,50.37285,-4.29389
Grade,YQL,49.983299,-5.2
Gunwalloe,YQL,50.05991,-5.28168
Gwennap,YQL,50.2174,-5.17071
Calstock,OSM,50.4992233,-4.2093834
Manaccan,YQL,50.08275,-5.12795
Egloskerry,OSM,50.6544019,-4.4441637
Mawgan in Meneage,YQL,50.078999,-5.20709
East (hundred),OSM,52.2714908,-2.6995655
Mawnan,YQL,50.10629,-5.09536
Landulph,OSM,50.4322284,-4.2093064
Launceston,OSM,50.6365062,-4.3604432
Penryn,YQL,50.16878,-5.1054
Perran Arworthal,YQL,50.21283,-5.11863
Ruan Major,YQL,50.00342,-5.20134
Lawhitton,OSM,50.6173537,-4.3247415
Ruan Minor,YQL,49.99399,-5.18288
St Anthony in Meneage,YQL,50.09014,-5.10081
Lezant,OSM,50.5872445,-4.3480083
Camelford ,OSM,50.6209791,-4.6803323
St Keverne,YQL,50.04962,-5.08886
St Martin in Meneage,YQL,50.072436,-5.166605
Landrake,OSM,50.4218667,-4.2893435
Helston,YQL,50.10579,-5.267
Sithney,YQL,50.11361,-5.30794
Landewednack,YQL,49.966702,-5.2
Maker,OSM,50.3797945,-4.1564825
Menheniot,OSM,50.4396906,-4.4137131
Wendron,YQL,50.13454,-5.24724
Northill,OSM,52.1056247,-0.3220143
Buryan ,YQL,50.07451,-5.6226
Camborne,YQL,50.21367,-5.30118
Crowan,YQL,50.16343,-5.29562
Gulval,YQL,50.13216,-5.51977
Pillaton,OSM,50.4556608,-4.3037168
Quethiock,OSM,50.4585556,-4.3749149
Gwinear,YQL,50.18751,-5.37344
Gwithian,YQL,50.22116,-5.38553
Lelant ,YQL,50.18353,-5.44007
St Dominick,OSM,50.4892917,-4.2549929
Ludgvan,YQL,50.14469,-5.49579
Madron,YQL,50.13316,-5.56575
Marazion or Market Jew,YQL,50.125894,-5.467145
St Ive,OSM,50.4804932,-4.38393
St Germains (borough),OSM,54.59503945,-1.0113292144313
Morvah,YQL,50.16068,-5.63704
Paul,YQL,50.090069,-5.54702
"St John's",OSM,51.5272932,-2.0129632
Penzance,YQL,50.11863,-5.53726
St Mellion,OSM,50.4677527,-4.2716195
Phillack,YQL,50.19591,-5.40896
Redruth ,YQL,50.23252,-5.2294
St Erth,YQL,50.16511,-5.42843
Rame,OSM,50.3219315,-4.2126076
Illogan,YQL,50.2468,-5.26732
St Hilary,YQL,51.45024,-3.41565
St Ives,YQL,50.21033,-5.48568
St Thomas,OSM,51.6238434,-3.9289261
Sancreed,YQL,50.10808,-5.61002
Sennen,YQL,50.07053,-5.69534
Towednack,YQL,50.19076,-5.52073
Zennor,YQL,50.19168,-5.56775
South-hill,OSM,51.8407776,-2.0801805
Altarnum ,YQL,50.603512,-4.51147
Davidstow,YQL,50.65554,-4.61648
Forrabury,YQL,50.68539,-4.69851
South Petherwin,OSM,50.6122953,-4.3895138
Lanteglos,YQL,50.60961,-4.70132
Lesnewth (parish),YQL,50.684222,-4.66449
Lesnewth (hundred),YQL,50.684222,-4.66449
Stoke Climsland,OSM,50.5461476,-4.3147339
Poundstock,YQL,50.76719,-4.55047
Sheviock,OSM,50.3731013,-4.2928561
St Clether,YQL,50.63409,-4.52923
St Juliot,YQL,50.7006,-4.6733
Trewen,OSM,50.6257688,-4.4710655
Tintagell,YQL,50.664749,-4.7424
Michaelstow,YQL,50.57825,-4.71258
Otterham,YQL,50.68781,-4.59614
Breock ,OSM,50.51116,-4.8540647
Trevalga,YQL,50.67808,-4.71707
St Genny,YQL,50.743938,-4.62489
Tresmeer,OSM,50.6600608,-4.4993528
Cornelly,YQL,51.51247,-3.70326
Creed,YQL,50.28889,-4.89946
Constantine,OSM,50.1191647,-5.1752557
Fowey,YQL,50.3363,-4.64013
Gerrans,YQL,50.178699,-4.97972
Gorran ,YQL,50.24608,-4.80755
Cury,OSM,50.0463353,-5.2458299
Grampound,YQL,50.29842,-4.89981
Kenwyn,YQL,50.266701,-5.06667
Germoe,OSM,50.1159079,-5.3801472
Tremayne,OSM,50.4472428,-4.9052652
Budock,OSM,50.1484901,-5.1044355
Ladock,YQL,50.31916,-4.95721
Lostwithiel,YQL,50.40847,-4.66971
Gwennap,OSM,50.2180351,-5.171
Gunwalloe,OSM,50.0589381,-5.2763057
Helston,OSM,50.1016731,-5.273032
Mevagissey,YQL,50.27114,-4.78974
Philleigh,YQL,50.21596,-4.98502
Grade,OSM,51.5112023,0.0712912
Landewednack,OSM,49.9693846,-5.194645
Mabe,OSM,50.1511438,-5.1403583
Probus,YQL,50.29269,-4.95392
Manaccan,OSM,50.0837037,-5.1271011
Lanihorne,YQL,50.24167,-4.95382
Mawnan,OSM,50.1047794,-5.0956653
Mullion,OSM,50.0276488,-5.2416488
St Allen ,YQL,50.3155,-5.06041
Lamorran,YQL,50.23776,-4.97619
Lanlivery,YQL,50.399,-4.70262
St Anthony,YQL,50.08934,-5.10086
Merther,YQL,50.26445,-4.99935
Penryn,OSM,50.1685495,-5.1034063
Mylor,OSM,50.177468,-5.0547876
St Austell,YQL,50.33743,-4.79231
St Blazey,YQL,50.3573,-4.71636
St Dennis,YQL,50.383,-4.88352
St Erme,YQL,50.31164,-5.02915
St Anthony in Meneage,OSM,50.0899899,-5.1008797
Ruan Minor,OSM,49.993846,-5.1831252
St Feock,YQL,50.205231,-5.0533
St Keverne,OSM,50.050451,-5.0880698
St Ewe ,YQL,50.28037,-4.83902
St Mewan,YQL,50.33073,-4.81332
St Michael Penkevil,YQL,50.239639,-5.00508
Sithney,OSM,50.1138355,-5.3089856
Wendron,OSM,50.1334318,-5.250493
St Sampson,YQL,49.482712,-2.53722
St Stephens,YQL,49.45718,-2.55225
Tywardreth ,YQL,50.35767,-4.69323
Veryan,YQL,50.21855,-4.92407
Crantock,YQL,50.4003,-5.11052
Cubert,YQL,50.37878,-5.11474
Lanhydrock,YQL,50.44135,-4.69596
Buryan ,OSM,50.0750544,-5.6203892
Crowan,OSM,50.163324,-5.2984309
Camborne,OSM,50.2138828,-5.2990347
Lanivet,YQL,50.44037,-4.76381
Padstow,YQL,50.53737,-4.94178
Perranzabuloe,YQL,50.32603,-5.13286
"Petherick, Little",YQL,50.51198,-4.93717
Gwinear,OSM,50.1874649,-5.3673441
Gulval,OSM,50.1324595,-5.5211412
St Agnes,YQL,50.31213,-5.1991
Gwithian,OSM,50.2208769,-5.3857959
Illogan,OSM,50.2431875,-5.2653755
St Breock,YQL,50.51084,-4.85333
St Columb Major,YQL,50.43121,-4.94395
Lelant ,OSM,50.1839692,-5.4365104
St Columb Minor,YQL,50.431221,-4.945015
St Enoder,YQL,50.37409,-4.96647
St Ervan,YQL,50.49219,-4.97365
Ludgvan,OSM,50.1452628,-5.4881623
Levan ,OSM,50.0421534,-5.660741
St Evall,YQL,50.477909,-4.97981
St Issey,YQL,50.50978,-4.92229
Madron,OSM,50.1328237,-5.5664764
Morvah,OSM,50.1615256,-5.63859
St Merryn,YQL,50.52449,-4.99463
St Wenn,YQL,50.44929,-4.86144
Withiel,YQL,50.45404,-4.82601
Boyton,YQL,52.07115,1.46714
Bridgerule,YQL,50.79987,-4.456
Penzance,OSM,50.1213173,-5.5329266
Kilkhampton,YQL,50.87372,-4.48438
Launcells,YQL,50.82825,-4.46532
Paul,OSM,50.0895993,-5.5464337
Marham Church,YQL,52.658611,0.52446
Phillack,OSM,50.1952293,-5.4119541
Moorwinstow,YQL,50.908798,-4.55381
North Tamerton,YQL,50.74986,-4.3945
Poughill,YQL,50.86412,-3.62692
Redruth ,OSM,50.233989,-5.2276468
Stratton (parish),YQL,52.735512,1.28039
St Erth,OSM,50.1656838,-5.4317623
"Week, St Mary",YQL,50.74751,-4.50023
Whitstone,YQL,50.75713,-4.45842
St Hilary,OSM,51.4495805,-3.4162544
Blisland,YQL,50.52801,-4.68207
Bodmin,YQL,50.47125,-4.71741
Breward ,YQL,50.55949,-4.69065
St Ives,OSM,50.214344,-5.4800019
St Just,OSM,50.1243787,-5.6796789
Egloshayle,YQL,50.51272,-4.81734
Sancreed,OSM,50.1082595,-5.6088066
St Endellion,YQL,50.57302,-4.82983
Sennen,OSM,50.0705894,-5.6950433
St Kew,YQL,50.55838,-4.79218
Towednack,OSM,50.1863838,-5.5163332
St Mabyn,YQL,50.52576,-4.75893
St Teath,YQL,50.59321,-4.73605
Zennor,OSM,50.1920531,-5.5660989
St Tudy,YQL,50.55526,-4.7271
Advent,OSM,52.58579135,-4.09216245778762
Boconnoc,YQL,50.4162,-4.60682
Broadoak,YQL,51.81565,-2.43722
Davidstow,OSM,50.6550392,-4.6162974
Cardinham,YQL,50.48879,-4.64791
Forrabury,OSM,52.0433491,-0.7762952
Duloe,YQL,50.3963,-4.4846
Lanteglos,OSM,50.6090105,-4.7002693
Lanreath,YQL,50.38414,-4.55981
Lansalloes,YQL,51.916672,-2.93333
Liskeard,YQL,50.45382,-4.46607
Lanteglos-juxta-Fowey,YQL,50.33461,-4.644405
Michaelstow,OSM,50.5777371,-4.7129456
Pelynt,YQL,50.36792,-4.52759
Minster,OSM,51.423865,0.8027202
Otterham,OSM,50.6876643,-4.5957774
St Cleer,YQL,50.48645,-4.47168
St Keyne,YQL,50.42297,-4.47741
St Pinnock,YQL,50.44139,-4.53604
Poundstock,OSM,50.7660776,-4.551386
St Veep,YQL,50.36556,-4.61741
St Clether,OSM,50.6302879,-4.5352325
St Winnow,YQL,50.38353,-4.65177
Talland and West Looe,YQL,50.33326,-4.5154
Warleggon,YQL,50.491901,-4.59946
Arleedon,YQL,52.30098,-2.44482
St Genny,OSM,51.9598011,-2.82979762288495
Tintagell,OSM,53.7219814,-2.544426
Bootle,YQL,53.45583,-2.98639
St Juliot,OSM,50.6935131,-4.6568673
Trevalga,OSM,50.6784429,-4.7173781
Chapel Sucken,YQL,56.133413,-3.206555
Cockermouth,YQL,54.6637,-3.36493
Cleator,YQL,54.50784,-3.52089
Corney,YQL,54.3098,-3.36495
Dean,YQL,55.95232,-3.21659
Distington,YQL,54.59766,-3.53876
Egremont,YQL,54.48292,-3.52831
Cornelly,OSM,51.5214781,-3.7026884
Embleton,YQL,55.49718,-1.63605
Creed,OSM,50.2886268,-4.8980543
Cuby,OSM,50.2515138,-4.889839
Fowey,OSM,50.3357786,-4.6365952
Haile,YQL,54.46309,-3.49215
Irton,YQL,54.24868,-0.45905
Gerrans,OSM,50.178432,-4.9813535
Lamplugh,YQL,54.57538,-3.41094
Loweswater,YQL,54.57649,-3.32936
Grampound,OSM,50.2989797,-4.9002748
Gorran ,OSM,50.2465873,-4.8076667
Millom,YQL,54.21144,-3.27508
Muncaster,YQL,54.358662,-3.3816
Ponsonby,YQL,54.43418,-3.46727
St Bees and townships therein,YQL,54.490036,-3.590325
Ladock,OSM,50.3203683,-4.9612112
Kenwyn,OSM,50.2654562,-5.0628791
Thwaits,YQL,53.870411,-1.88829
Kea,OSM,50.2363914,-5.0232627
Ulpha,YQL,54.33134,-3.23382
Lamorran,OSM,50.2378604,-4.976572
Lanlivery,OSM,50.3992035,-4.7027502
Waberthwaite,YQL,54.33276,-3.36969
Wicham,YQL,52.399872,0.14882
Workington,YQL,54.63892,-3.54996
All Hallows,YQL,50.924549,-1.36144
Lostwithiel,OSM,50.407478,-4.6678178
Aspatria,YQL,54.76444,-3.3263
Bassenthwaite,YQL,54.67903,-3.19546
Bolton,YQL,53.57845,-2.42667
Merther,OSM,50.2634475,-5.0002183
Mevagissey,OSM,50.2696687,-4.7872174
"Bromfield, and townships therein",YQL,51.241806,0.632775
Bridekirk,YQL,54.6901,-3.37
Caldbeck,YQL,54.74922,-3.05223
Camerton,YQL,53.71926,-0.14996
Canonbury Cross,YQL,51.543696,-0.088295
"Crosthwaite, and townships therein",YQL,54.316086,-2.85637
Dearham,YQL,54.70509,-3.45428
Probus,OSM,50.2928518,-4.9508581
Lanihorne,OSM,50.240612,-4.9535759
Gilcrux,YQL,54.7301,-3.37488
Holme Cultram,YQL,52.96236,0.535085
Ireby,YQL,54.17366,-2.53125
Roche,OSM,50.4072504,-4.8331948
Plumbland,YQL,54.73988,-3.3215
St Allen ,OSM,50.3149283,-5.0611125
Torpenhow,YQL,54.74627,-3.24055
Uldale,YQL,54.72215,-3.16619
St Anthony,OSM,52.2797174,-2.7774476
Westward,YQL,54.79132,-3.13321
St Austell,OSM,50.338466,-4.7882104
Philleigh,OSM,50.2164995,-4.9855605
Aikton,YQL,54.87018,-3.13192
Bowness,YQL,54.361561,-2.9191
St Blazey,OSM,50.3630055,-4.7156518
Carlisle (St Cuthbert),YQL,54.88657,-2.92134
Burghby-Sands,YQL,54.922081,-3.05413
St Clements,OSM,52.1907145,-2.232221
Dalston,YQL,54.84263,-2.98359
St Dennis,OSM,50.3835001,-4.8807213
Kirk Andrews,YQL,53.754452,-0.45311
St Ewe ,OSM,50.279989,-4.8387595
Kirkhampton,YQL,54.898369,-3.08483
Kirkbridge ,YQL,54.30779,-1.60878
Orton,YQL,57.55406,-3.15299
St Erme,OSM,50.4023605,-3.9213543
Sebergham,YQL,54.76787,-3.00114
St Feock,OSM,50.2053027,-5.0531402
Thursby,YQL,54.84195,-3.0546
St Just,OSM,50.1243787,-5.6796789
St Mewan,OSM,50.3317068,-4.8138417
Warwick,YQL,52.28176,-1.59103
Wetheral,YQL,54.88635,-2.83252
Wigton,YQL,54.82435,-3.16078
St Michael Penkevil,OSM,50.2406532,-5.0051898
Castle Carrock,YQL,54.89121,-2.71518
Brampton,YQL,54.94252,-2.7365
St Sampson,OSM,51.6405467,-1.8579989
Cumrew,YQL,54.84894,-2.70332
St Stephens,OSM,51.7412875,-0.3476022
Veryan,OSM,50.2188717,-4.9225031
"Denton, Upper and Nether",YQL,52.884609,-0.7103
Cumwhitton,YQL,54.86544,-2.76859
Farlam,YQL,54.91956,-2.69441
Hayton,YQL,54.76023,-3.38916
Colan,OSM,50.4125185,-5.0018687
Cubert,OSM,50.3793814,-5.1161974
Crantock,OSM,50.4016682,-5.1098922
Lanhydrock,OSM,50.37383325,-4.11718282002653
Irthington,YQL,54.94726,-2.78432
Lanivet,OSM,50.4446543,-4.7646555
Kirk Andrews,YQL,53.754452,-0.45311
Lanercost,YQL,54.96682,-2.69904
Bewcastle,YQL,55.06432,-2.68382
Newlyn,OSM,50.1062596,-5.5500155
Padstow,OSM,50.5404863,-4.9367329
Scaleby,YQL,54.95995,-2.86232
Stanwix,YQL,54.9039,-2.9371
Walton,YQL,51.848701,1.2673
"Petherick, Little",OSM,50.512,-4.93721
Addingham,YQL,53.94427,-1.88344
Ainstable,YQL,54.81142,-2.73049
Castle Sowerby,YQL,53.670151,-1.95433
Croglin,YQL,54.81725,-2.66451
Dacre,YQL,54.63094,-2.83932
St Agnes,OSM,50.3122758,-5.2037934
St Breock,OSM,50.51116,-4.8540647
St Columb Major,OSM,50.434461,-4.9401617
St Columb Minor,OSM,50.4212397,-5.0428584
Hutton-in-the-Forest,YQL,54.716129,-2.84012
Langwathby,YQL,54.69811,-2.66762
Lazonby,YQL,54.74911,-2.70579
St Enoder,OSM,50.3743138,-4.9661641
St Ervan,OSM,50.4943589,-4.9736596
Melmerby,YQL,54.1862,-1.48713
Newton ,YQL,52.124779,0.09922
Ousby,YQL,54.70849,-2.59269
St Issey,OSM,50.5101105,-4.9225519
Penrith,YQL,54.66447,-2.75723
"Salkeld, Great",YQL,54.72347,-2.69838
Denbigh (borough),YQL,53.187448,-3.41148
Skelton,YQL,54.71079,-2.87676
St Merryn,OSM,50.5261709,-4.9892997
St Wenn,OSM,50.4481322,-4.8635959
Withiel,OSM,50.4537483,-4.8260901
"Bampton (parish), (Patton and Shillingford)",YQL,51.728569,-1.543425
Burlescombe,YQL,50.94202,-3.31809
Bridgerule,OSM,50.7993506,-4.4520148
Boyton,OSM,52.0712299,1.4677254
Clayhanger,YQL,50.99825,-3.39514
Hockworthy,YQL,50.96662,-3.36809
Holcombe Rogus,YQL,50.96102,-3.3426
Morebath,YQL,51.01421,-3.49089
Kilkhampton,OSM,50.8759873,-4.481866
Uffculme,YQL,50.90589,-3.32812
Launcells,OSM,50.8246165,-4.4925722
Sampford Peverill,YQL,50.919571,-3.37935
Willand,YQL,50.88915,-3.37048
Bickleigh,YQL,50.44191,-4.08555
Bradninch,YQL,50.82693,-3.42193
Moorwinstow,OSM,53.3283824,-1.5297368
Marham Church,OSM,52.6585052,0.5253744
Broadhembury,YQL,50.83586,-3.27894
North Tamerton,OSM,50.750214,-4.3966771
Cadbury,YQL,50.83408,-3.54763
Poughill,OSM,50.8421875,-4.5253367
Cullompton,YQL,50.85817,-3.3926
Cadleigh,YQL,50.39411,-3.94871
Feniton,YQL,50.7872,-3.28402
Perranzabuloe,OSM,50.3264405,-5.1330165
Kentisbeare,YQL,50.86549,-3.32814
Nether Exe,YQL,50.790081,-3.50964
Stratton (hundred),OSM,51.9080016,-1.1381037
Plymtree,YQL,50.81784,-3.34782
Payhembury,YQL,50.80692,-3.29403
Sheldon,YQL,53.215889,-1.74292
"Week, St Mary",OSM,50.9841052,-3.790655
Whitstone,OSM,50.7618158,-4.4637319
Stratton (parish),OSM,52.7332778,1.2701781
Talaton,YQL,50.78812,-3.32312
Blisland,OSM,50.5288273,-4.6816934
Awliscombe,YQL,50.80727,-3.22775
Thorverton,YQL,50.8067,-3.52039
Buckerell,YQL,50.79579,-3.24389
Bodmin,OSM,50.470725,-4.7243205
Clayhidon,YQL,50.93299,-3.19477
Breward ,OSM,50.5596209,-4.6884949
Egloshayle,OSM,50.5130511,-4.8207823
Dunkeswell,YQL,50.86332,-3.22251
Culmstock,YQL,50.91442,-3.27943
Helland,OSM,50.5072988,-4.714872
Hemyock (parish),YQL,50.913706,-3.22999
Calverleigh,YQL,50.9189,-3.52419
Huntsham,YQL,50.9748,-3.41898
St Endellion,OSM,50.5735221,-4.8287042
St Kew,OSM,50.5575574,-4.7940325
Loxbear,YQL,50.933941,-3.55003
St Mabyn,OSM,50.5261486,-4.7642482
Uplowman,YQL,50.92998,-3.40498
St Teath,OSM,50.5918961,-4.7364889
St Tudy,OSM,50.5551224,-4.7316643
Abbots Bickington,YQL,50.89717,-4.29873
Ashbury,YQL,51.56489,-1.61953
Ashwater,YQL,50.73439,-4.2887
Beaworthy,YQL,50.77531,-4.18339
Cardinham,OSM,50.4881563,-4.6483442
Boconnoc,OSM,50.4980861,-4.3150282
Duloe,OSM,50.4001573,-4.4866102
Belstone,YQL,50.72502,-3.95754
Black Torrington (parish),YQL,50.827616,-4.177195
Bradworthy,YQL,50.9012,-4.38546
Bridgerule,YQL,50.79987,-4.456
Bradford,YQL,53.79574,-1.75832
Broadoak,OSM,51.3071129,0.7265203
Lanreath,OSM,50.3836025,-4.5593977
Lansalloes,OSM,50.3357129,-4.5682024
Broadwood Kelly,YQL,50.835449,-3.96652
Clawton,YQL,50.76899,-4.33677
Exbourne,YQL,50.80057,-3.98583
Cookbury,YQL,50.8306,-4.262
Halwell,YQL,50.36603,-3.7209
Morval,OSM,50.3851416,-4.4479595
Pelynt,OSM,50.367564,-4.5260096
Liskeard,OSM,50.4546303,-4.4644227
St Cleer,OSM,50.4861199,-4.471676
Hollacombe,YQL,50.78841,-3.68607
Holsworthy,YQL,50.81057,-4.35272
Honeychurch,YQL,50.81127,-3.94436
Jacobstowe,YQL,50.79642,-4.00645
Inwardleigh,YQL,50.77592,-4.04322
St Keyne,OSM,50.4230861,-4.4780016
Luffincott,YQL,50.72737,-4.36006
St Pinnock,OSM,50.4409161,-4.535594
St Veep,OSM,50.3649352,-4.6162457
St Winnow,OSM,50.382335,-4.6522817
Milton Dumeroll,YQL,50.797495,-1.051065
Monk Okehampton,YQL,50.83065,-4.0151
Northlew,YQL,50.77232,-4.12312
Pancrasweek,YQL,50.82598,-4.41977
"Petherwin, North",YQL,50.67906,-4.43381
Talland and West Looe,OSM,50.3375813,-4.4976509
Pyworthy,YQL,50.8019,-4.39246
Allerdale (ward),OSM,54.7112183,-3.4880533
Sutcombe,YQL,50.87413,-4.35085
Bootle,OSM,53.4528949,-3.0000358
Tetcott,YQL,50.74282,-4.35604
Sampford Courtney,YQL,50.791302,-3.94052
Werrington,YQL,50.66467,-4.36616
West Putford,YQL,50.91815,-4.33502
Brigham,OSM,54.6591021,-3.4191226
Cleator,OSM,54.5064656,-3.5210282
Beaford,YQL,50.91592,-4.0587
Cockermouth,OSM,54.6614709,-3.3590116
Corney,OSM,54.3093611,-3.365647
Bideford,YQL,51.01932,-4.20418
Buckland Brewer,YQL,50.9643,-4.2514
Buckland Filleigh,YQL,50.86289,-4.18021
Bulkworthy,YQL,50.90485,-4.28105
Fritherstock,YQL,50.95409,-4.18933
Distington,OSM,54.5959224,-3.5368612
Dean,OSM,51.9000641,-1.5029038
Egremont,OSM,54.4838316,-3.5327921
Huish,YQL,50.88016,-4.08485
Iddesleigh,YQL,50.85553,-4.03435
Langtree,YQL,50.91955,-4.20531
Embleton,OSM,54.6623154,-3.2828511
Lancross,YQL,50.195671,-5.22685
Littleham,YQL,50.62218,-3.37386
Ennerdale,OSM,53.7812717,-0.3436026
Little Torrington,YQL,50.9312,-4.14737
Martin ,YQL,53.184231,-0.14253
Meeth,YQL,50.85543,-4.06414
Gosforth,OSM,54.4195848,-3.4442267
Monkleigh,YQL,50.96597,-4.19952
Newton St Petrock,YQL,50.88748,-4.25941
Harrington,OSM,54.6100161,-3.5674717
Irton,OSM,54.2440571,-0.4527641
Petrockstow,YQL,50.86562,-4.11524
"Putford, East",YQL,50.92333,-4.3248
Lorton,OSM,54.6216372,-3.3127271
Lamplugh,OSM,54.5749046,-3.409506
Shebbear (parish),YQL,50.860346,-4.212965
Sheepwash,YQL,55.16657,-1.60073
Wear Gifford,YQL,50.979321,-4.18418
Loweswater,OSM,54.5773323,-3.3296381
Hartland,YQL,50.993141,-4.47866
Millom,OSM,54.2097599,-3.2699609
Woolfardisworthy,YQL,50.86518,-3.66588
Yarnscombe,YQL,50.99438,-4.05306
Moresby,OSM,54.5743818,-3.5730871
Muncaster,OSM,54.3665696,-3.3945246
Ashford,YQL,51.14663,0.87604
Haile,OSM,54.4634926,-3.4928266
Barnstaple,YQL,51.07844,-4.0558
Berrynarbor,YQL,51.2063,-4.05511
Ponsonby,OSM,54.4361658,-3.4581195
Bratton Fleming,YQL,51.1224,-3.939
Braunton,YQL,51.11079,-4.16133
"Buckland, West",YQL,51.06548,-3.91738
"Buckland, East",YQL,50.48041,-4.12849
Combe Martin,YQL,51.20072,-4.02654
"St Bridget's Beckermet",OSM,54.4405106,-3.52036908130083
Ulpha,OSM,54.328018,-3.2389363
"Down, East",YQL,51.15874,-4.0006
"Down, West",YQL,51.15876,-4.12403
Waberthwaite,OSM,54.3287465,-3.3775389
Filleigh,YQL,50.88267,-3.78038
Georgeham,YQL,51.13684,-4.19584
Goodleigh,YQL,51.08905,-4.00259
Heanton Punchardon,YQL,51.10037,-4.13856
Ilfracombe,YQL,51.20824,-4.12328
Whitbeck,OSM,54.2477837,-3.3557671
Workington,OSM,54.6415716,-3.5459287
Kentisbury,YQL,51.17654,-3.97227
Marwood,YQL,51.11913,-4.08002
All Hallows,OSM,51.4541875,-0.3339219
Aspatria,OSM,54.7626578,-3.3270981
Bassenthwaite,OSM,54.6797958,-3.1964209
Pilton,YQL,55.97196,-3.24525
Trentishoe,YQL,51.22056,-3.93925
Cheriton Fitzpaine,YQL,50.84419,-3.61082
Poughill,YQL,50.86412,-3.62692
Bolton,OSM,53.577694,-2.4288874
Bridekirk,OSM,54.6902439,-3.3696843
Stockleigh English,YQL,50.84523,-3.63593
Stockleigh Pomeroy,YQL,50.82294,-3.59123
Upton Helions,YQL,50.817768,-3.64534
Caldbeck,OSM,54.7482057,-3.0496553
Washfield,YQL,50.92768,-3.51517
Camerton,OSM,51.3178743,-2.4572556
Broadclist,YQL,50.761021,-3.44245
Butterleigh,YQL,50.86346,-3.45933
Canonbury Cross,OSM,51.5447713,-0.101779240299315
Colyton,YQL,50.74035,-3.07025
Dearham,OSM,54.7111819,-3.441468
Gilcrux,OSM,54.7301538,-3.3744317
Kennerleigh,YQL,50.85451,-3.67804
Crediton,YQL,50.79084,-3.6614
Newton Cyres,YQL,50.77037,-3.58783
Holme Cultram,OSM,54.8449954,-3.2927436
Ashprington,YQL,50.40161,-3.66682
Ireby,OSM,54.7395963,-3.1854351
Blackauton,YQL,51.326778,-2.71434
Plumbland,OSM,54.7397897,-3.3209801
Cornworthy,YQL,50.38687,-3.65208
"Dartmouth, St Clement",YQL,50.352558,-3.59046
Torpenhow,OSM,54.7458966,-3.2435663
Uldale,OSM,54.7216486,-3.1645553
Dittisham,YQL,50.38385,-3.60349
Westward,OSM,54.7924562,-3.1318135
Halwell,YQL,50.36603,-3.7209
Aikton,OSM,54.8685574,-3.1315748
Harberton,YQL,50.41185,-3.71733
Stokefleming,YQL,50.326069,-3.59821
Beaumont,OSM,54.925568,-3.0175742
Bowness,OSM,52.3058869,-0.717957
Buckland Tout Saints,YQL,50.30172,-3.74242
Charleton,YQL,56.22309,-2.86517
Chivelstone,YQL,50.23602,-3.70756
East Portlemouth,YQL,50.23516,-3.75718
(St Mary),OSM,51.08836795,-1.2030370803995
Sherford,YQL,50.28535,-3.71503
Slapton,YQL,51.87776,-0.64415
Southpool,YQL,50.2481,-3.72027
Dalston,OSM,51.5454689,-0.0739341
"Allington, East",YQL,50.32479,-3.72956
"Alvington, West",YQL,50.28076,-3.79141
Churchstow,YQL,50.29827,-3.80674
"Huish, South",YQL,50.25565,-3.83739
Kirkbridge ,OSM,53.5795177,-1.7604349
Kingsbridge,YQL,50.28311,-3.77761
Kirk Andrews,OSM,53.75008945,-0.452093242710991
Orton,OSM,54.468418,-2.5837288
Sebergham,OSM,54.7663353,-2.9944828
"Milton, South",YQL,50.27035,-3.82601
Marlborough,YQL,51.42133,-1.72991
Thurleston,YQL,50.270828,-3.85871
Woodley,YQL,51.45198,-0.91344
Aveton Gifford,YQL,50.31506,-3.83989
Bigbury,YQL,50.30223,-3.87286
Warwick,OSM,52.2850815,-1.5785412
Wetheral,OSM,54.8837232,-2.8319827
Wigton,OSM,54.8250263,-3.1583101
Arthuret,OSM,55.0053886,-2.9703586
Ermington,YQL,50.36321,-3.91483
Holbeton,YQL,50.3352,-3.94938
Modbury,YQL,50.3492,-3.88842
Bewcastle,OSM,55.0641023,-2.6826239
Newton Ferrers,YQL,50.31582,-4.03797
Castle Carrock,OSM,54.8914445,-2.7153633
Ringmore,YQL,50.29653,-3.89502
Ugborough,YQL,50.38723,-3.86227
Brampton,OSM,54.9423109,-2.7359606
Plymstock,YQL,50.35584,-4.08664
Crosby Eden,OSM,53.4869812,-3.0080173
"Plympton, St Mary",YQL,50.38958,-4.06129
Wembury,YQL,50.32432,-4.07039
Yealampton,YQL,51.111488,-2.53373
Cumrew,OSM,54.84956,-2.7038826
Cumwhitton,OSM,54.8625733,-2.7709201
Farlam,OSM,54.8257905,-2.566493
Dunchidcock,YQL,50.677181,-3.59166
"Exminster, parish",YQL,50.679705,-3.497595
Exminster hundred,YQL,50.679705,-3.497595
Mamhead,YQL,50.62049,-3.50299
Powderham,YQL,50.64924,-3.45864
Irthington,OSM,54.9460631,-2.7833457
Kenton,YQL,55.004009,-1.64807
Hayton,OSM,53.3571805,-0.9079349
Alverdiscott,YQL,51.00811,-4.11165
Shillingford ,YQL,51.63191,-1.14271
Kirk Andrews,OSM,53.75008945,-0.452093242710991
Thursby,OSM,54.8424916,-3.0500289
Fremington,YQL,51.07217,-4.12461
Great Torrington,YQL,50.95333,-4.14173
Instow,YQL,51.05403,-4.17854
Huntshaw,YQL,50.98568,-4.13059
Lanercost,OSM,54.9675664,-2.6968326
Newton Tracy,YQL,51.022098,-4.10143
Scaleby,OSM,54.9596273,-2.8587013
Roborough,YQL,51.09659,-4.04164
Kirk Linton,OSM,53.92594955,-1.43043143411335
Stanwix,OSM,54.9040592,-2.9414853
St Giles,YQL,50.95298,-4.08896
Stapleton,OSM,51.4813576,-2.5554377
Tawstock,YQL,51.04986,-4.0623
West Leigh,YQL,50.83386,-3.86494
"Letter from the members of Parliament for Devon, enclosing the returns hereafter mentioned, from Newton Abbotts",YQL,50.728044,-3.79085
Abbots Kerswell,YQL,50.508598,-3.61438
Brixham,YQL,50.39419,-3.51679
Addingham,OSM,53.9445203,-1.8852854
Ainstable,OSM,54.8085832,-2.730911
Walton,OSM,51.9717993,1.3402055
Broadhempston,YQL,50.48407,-3.68139
Croglin,OSM,54.817972,-2.6649153
Moor,YQL,50.94296,-2.81381
Churston Ferrers,YQL,50.39117,-3.54632
Cockington,YQL,50.463589,-3.55788
Castle Sowerby,OSM,54.5217228,-2.32352838859346
Coffinswell,YQL,50.50819,-3.5703
Denbury,YQL,50.50604,-3.65861
Haccombe,YQL,50.52292,-3.56235
Berry Pomeroy,YQL,50.43758,-3.65182
Ipplepen,YQL,50.48942,-3.63008
Dacre,OSM,54.6294474,-2.8393715
Little Hempston,YQL,50.45087,-3.66673
Marldon,YQL,50.45488,-3.59304
Hutton-in-the-Forest,OSM,54.7143998,-2.8387363
Hesket,OSM,54.8099973,-2.8331639
Newton Abbot and Woolborough,YQL,50.52198,-3.61946
Paignton,YQL,50.43856,-3.56757
Kirkland,OSM,55.1918286,-3.5191941
St Mary Church,YQL,51.4347,-3.4379
Stoke Gabriel,YQL,50.40754,-3.62293
Langwathby,OSM,54.6988501,-2.6716277
Lazonby,OSM,54.7490631,-2.704606
"Brent, South",YQL,50.42345,-3.83322
Dartington,YQL,50.44556,-3.71286
Melmerby,OSM,54.7282994,-2.5989706
Diptford,YQL,50.39756,-3.78921
"Huish, North",YQL,50.39507,-3.81445
Morleigh,YQL,53.861801,-1.8783
Rattery,YQL,50.44159,-3.77521
Newton ,OSM,52.0322303,0.7943311
"Bovey, North",YQL,50.64148,-3.78328
Bickington,YQL,50.54186,-3.69522
Hennock,YQL,50.61437,-3.65237
Moor,YQL,50.94296,-2.81381
Ideford,YQL,50.58439,-3.56474
Highweek,YQL,50.533298,-3.6167
Ilsington,YQL,50.57191,-3.71624
Penrith,OSM,54.661782,-2.7588796
Renwick,OSM,54.7834318,-2.6284623
Kingsteignton,YQL,50.54698,-3.58686
Lustleigh,YQL,50.61789,-3.71945
Manaton,YQL,50.61735,-3.76831
Moreton Hampstead,YQL,50.6609,-3.76484
Teigngrace,YQL,50.55555,-3.62662
Ashcombe,YQL,50.60583,-3.53308
Skelton,OSM,54.7122995,-2.8790502
Ashton,YQL,53.489231,-2.08824
Chudleigh,YQL,50.6035,-3.60064
Bishopsteignton,YQL,50.54873,-3.54481
Dawlish,YQL,50.58199,-3.4648
Doddiscombsleigh,YQL,50.66835,-3.62306
"Teignmouth, East",YQL,50.54833,-3.50005
Teignmouth West,YQL,50.548328,-3.50005
Trusham,YQL,50.628,-3.62076
"Ogwell, East",YQL,50.51932,-3.63814
Combeinteignhead,YQL,50.53486,-3.55105
Ousby,OSM,54.7068617,-2.5917693
"Ogwell, West",YQL,50.51824,-3.66192
Stokeinteignhead,YQL,50.52384,-3.53019
St Nicholas,YQL,55.491859,-4.61514
Dean Prior,YQL,50.45722,-3.79138
Buckfastleigh,YQL,50.48134,-3.77922
Holne,YQL,50.51149,-3.82647
Alphington,YQL,50.70299,-3.53445
"Salkeld, Great",OSM,54.7185742,-2.7185278
Denbigh (borough),OSM,53.1853776,-3.4178289
Brampford Speke,YQL,50.77602,-3.52458
Chagford,YQL,50.67744,-3.83427
Bridford,YQL,50.6657,-3.67385
Cheriton Bishop,YQL,50.72359,-3.73849
Ruthin (borough),OSM,53.1115513,-3.3052405
Drewsteigyton,YQL,50.703949,-3.79215
Dunsford,YQL,50.68999,-3.68322
"Exeter, All Hallows, Goldsmith Street",YQL,50.72345,-3.53176
Burlescombe,OSM,50.9438533,-3.3218957
"Exeter, St George",YQL,50.68105,-3.55185
Clayhanger,OSM,50.9980998,-3.3962354
Hockworthy,OSM,50.9663802,-3.3688437
Hole (borough),OSM,51.2263635,-2.6715088
Christow,YQL,50.65276,-3.65261
"Exeter, St Mary Arches",YQL,50.722481,-3.53482
"Exeter, St Mary Major",YQL,50.709202,-3.44891
"Exeter, St Mary Steps",YQL,50.720329,-3.53419
"Exeter, St Olave",YQL,50.72213,-3.53422
Morebath,OSM,51.0148618,-3.4913678
Uffculme,OSM,50.9069554,-3.3263633
"Exeter, St Stephens",YQL,50.724129,-3.52981
Gidleigh,YQL,50.6801,-3.87954
Heavitree,YQL,50.7212,-3.50096
Hittisleigh,YQL,50.74087,-3.79814
Huxham,YQL,50.771,-3.49487
Holcombe Rogus,OSM,50.9613453,-3.3431384
Pinhoe,YQL,50.74271,-3.4662
Poltimore,YQL,50.76262,-3.46849
Rewe,YQL,50.78521,-3.49606
Willand,OSM,50.9131941,-3.1480992
Bradninch,OSM,50.826462,-3.4237085
Broadhembury,OSM,50.8359428,-3.2780074
Bickleigh,OSM,50.4421019,-4.0844681
South Tawton,YQL,50.73352,-3.91015
Sowton,YQL,50.72435,-3.4511
Cadbury,OSM,52.4292475,-1.93059556496953
Stoke Canon,YQL,50.772,-3.50586
Tedburn,YQL,50.73495,-3.67891
Cadleigh,OSM,50.3854411,-3.9474683
Cullompton,OSM,50.8579007,-3.3927729
Kentisbeare,OSM,50.8656682,-3.3256474
Feniton,OSM,50.7879466,-3.2839819
Holcombe Burnell,YQL,50.714298,-3.62658
Nether Exe,OSM,50.7918942,-3.51097939866561
Whitstone,YQL,50.75713,-4.45842
Wonford,YQL,50.85665,-4.30227
Bradstone,YQL,50.6049,-4.28652
Bratton Clovelly,YQL,50.70595,-4.17641
Plymtree,OSM,50.8186957,-3.3466586
Bridestowe,YQL,50.68667,-4.10667
Sheldon,OSM,52.4533229,-1.778016
Silverton,OSM,50.6231972,-3.5827946
Talaton,OSM,50.7876222,-3.3240854
Dunterton,YQL,50.59138,-4.29379
Kelly,YQL,50.611462,-4.26759
Throwleigh,YQL,50.7012,-3.8872
Thorverton,OSM,50.808728,-3.5266888
Lamerton,YQL,50.5697,-4.1962
Lewtrenchard,YQL,50.6541,-4.18056
Awliscombe,OSM,50.8083484,-3.2291115
Lidford,YQL,50.646912,-4.10398
Buckerell,OSM,50.7971727,-3.246218
Church Stanton,OSM,52.2767051,0.8684026
Marystow,YQL,50.62378,-4.21417
Okehampton,YQL,50.73947,-4.00185
Spurton,YQL,52.324169,-0.94954
Stowford,YQL,50.70117,-3.25562
Sydenham Damerell,YQL,50.56221,-4.24782
Clayhidon,OSM,50.9336667,-3.1942837
Culmstock,OSM,50.9140676,-3.2794139
Tavy St Mary,YQL,50.99556,-3.05363
Dunkeswell,OSM,50.8636576,-3.2222782
Thrushelton,YQL,50.66722,-4.19764
Virginstow,YQL,50.709942,-4.29465
Bickleigh,YQL,50.44191,-4.08555
Buckland Monachorum,YQL,50.493,-4.13089
Huntsham,OSM,50.9727552,-3.4251635
Meavy,YQL,50.48621,-4.05327
Tiverton (parish),OSM,51.82741105,1.2080649573298
Sampford Spiney,YQL,50.53192,-4.06866
Uplowman,OSM,50.9272298,-3.4016363
Stoke Damerell,YQL,53.021679,-2.159045
Tamerton Foliott,YQL,50.432098,-4.15119
Walkhampton,YQL,50.50823,-4.07029
Whitchurch,YQL,52.97057,-2.6852
Abbots Bickington,OSM,50.8966724,-4.2987553
Egg Buckland,YQL,50.396961,-4.1086
Brendon,YQL,51.21982,-3.76361
Ashbury,OSM,51.5650275,-1.6215793
Ashwater,OSM,50.7353413,-4.290339
Plymouth,YQL,50.39304,-4.13254
Countisbury,YQL,51.23196,-3.79095
Highbray,YQL,51.092442,-3.86856
Beaworthy,OSM,50.7750944,-4.1850683
Payhembury,OSM,50.8083794,-3.2938279
Linton,YQL,51.22699,-3.83871
Loxhore,YQL,51.12771,-3.97806
Parracombe,YQL,51.18776,-3.906
Martinhoe,YQL,51.22168,-3.90983
Stoke Rivers,YQL,51.10146,-3.95318
Belstone,OSM,50.7251852,-3.9570494
Calverleigh,OSM,50.918768,-3.5330599
Brent Tor ,YQL,50.42556,-3.82931
Milton Abbots ,YQL,52.057781,-0.7824
Black Torrington (parish),OSM,50.8305851,-4.1813083
Tavistock (parish),YQL,50.543874,-4.145145
Bradworthy,OSM,50.9022343,-4.3842198
Bradford,OSM,53.7941567,-1.7494778
Atherington,YQL,50.98987,-4.00881
Bridgerule,OSM,50.7993506,-4.4520148
Bondleigh,YQL,50.82478,-3.90702
Burrington,YQL,51.33263,-2.75069
Broadwood Kelly,OSM,50.8289905,-3.9828241
Clanaborough,YQL,50.811241,-3.77722
Clawton,OSM,50.7694977,-4.3447556
Cookbury,OSM,50.8323784,-4.2630812
Exbourne,OSM,50.7996408,-3.984754
Dowland,YQL,50.87523,-4.03588
Down St Mary,YQL,50.8266,-3.78478
High Bickington ,YQL,50.96757,-3.99477
"Lapford with Chawleigh, Coleridge, Brushford, Wembworthy, and Eggesford",YQL,50.851764,-3.883365
Halwell,OSM,50.3659281,-3.7221448
Hatherleigh,OSM,50.8201595,-4.0724405
"Nymet, Tracy",YQL,50.790459,-3.805
Hollacombe,OSM,50.8042906,-4.3043339
Holsworthy,OSM,50.8123783,-4.3526341
Winckleigh,YQL,53.191071,-2.06319
Zeal Monachorum,YQL,50.82164,-3.81924
Honeychurch,OSM,50.8080171,-3.9473445
Inwardleigh,OSM,50.776015,-4.0431996
Jacobstowe,OSM,50.7963879,-4.0065635
"Anstey, East",YQL,51.02634,-3.61731
Luffincott,OSM,50.7310048,-4.3430383
"Anstey, West",YQL,51.03429,-3.63834
Bishops Tawton,YQL,51.05389,-4.04822
High Hampton,OSM,53.0200449,0.0984159
Chittlehampton,YQL,51.01269,-3.94547
Knowstone,YQL,50.99519,-3.67262
Landkey,YQL,51.06254,-4.00444
Monk Okehampton,OSM,50.8311747,-4.0153664
Northlew,OSM,50.7732174,-4.1231278
"Molton, North",YQL,51.05388,-3.80369
Pancrasweek,OSM,50.8260284,-4.4202025
"Petherwin, North",OSM,50.6782276,-4.434679
Pyworthy,OSM,50.800573,-4.3953952
Satterleigh,YQL,50.98846,-3.89853
Swimbridge,YQL,51.05281,-3.97049
Twitchen,YQL,51.06118,-3.72992
Sampford Courtney,OSM,50.7702023,-3.9488169
Warkleigh,YQL,50.98837,-3.94524
Sutcombe,OSM,50.8810229,-4.3516814
Bishops Nympton,YQL,51.00099,-3.77095
Cheldon,YQL,50.90713,-3.79954
Chulmleigh,YQL,50.91251,-3.86872
Creacombe,YQL,50.96232,-3.68063
Thornbury,OSM,51.6078094,-2.5254942
Werrington,OSM,50.6655273,-4.3650896
Meshaw,YQL,50.96245,-3.76934
West Putford,OSM,50.9192733,-4.3299946
Puddington,YQL,53.25317,-3.00822
Rackenford,YQL,50.95234,-3.63637
Abbotsham,OSM,51.0164676,-4.2479135
Romansleigh,YQL,50.97032,-3.81338
Rose Ash,YQL,50.98295,-3.72688
Stoodleigh,YQL,50.9601,-3.53648
Alwington,OSM,50.9861999,-4.2742183
Beaford,OSM,50.9155953,-4.0606282
Tetcott,OSM,50.7452439,-4.3656725
Thelbridge,YQL,50.82746,-3.67633
Washford Pyne,YQL,50.8933,-3.69021
Woolfardisworthy,YQL,50.86518,-3.66588
Witheridge (parish),YQL,50.914654,-3.704955
Bideford,OSM,51.0181448,-4.2064223
Buckland Brewer,OSM,50.9649684,-4.2533378
Buckland Filleigh,OSM,50.8622249,-4.1805283
Wool,YQL,50.67869,-2.22884
Bulkworthy,OSM,50.9041293,-4.2841941
Anderson,YQL,50.775059,-2.16695
Huish,OSM,50.8803305,-4.0872305
Iddesleigh,OSM,50.8554593,-4.0347497
Bloxworth,YQL,50.75105,-2.16833
Winterborne Clenstone,YQL,50.825932,-2.23037
Langtree,OSM,50.9187091,-4.2072912
Littleham,OSM,50.9883477,-4.2294903
"Worlington, East and West",YQL,52.332796,0.48474
Church Knowle,YQL,50.63573,-2.08715
Corfe Castle (parish),YQL,50.633678,-2.05456
Little Torrington,OSM,50.9313132,-4.1496571
Meeth,OSM,50.8554361,-4.0641146
Martin ,OSM,50.97483145,-1.90947663470913
East Holme,YQL,50.67112,-2.14841
Monkleigh,OSM,50.9651419,-4.2014013
Newton St Petrock,OSM,50.8870301,-4.259244
Kimmeridge,YQL,50.61999,-2.11684
Steeple,YQL,51.69242,0.80078
Tyneham,YQL,50.622629,-2.16841
Northam,OSM,51.0401128,-4.2135986
Parkham,OSM,50.9692855,-4.2972751
Owermoigne,YQL,50.66489,-2.32907
Tarners Puddle,YQL,50.740139,-2.24174
"Putford, East",OSM,50.9236489,-4.3257089
Durweston,YQL,50.87418,-2.20008
Fifehead,YQL,50.99239,-2.31454
Hammoon,YQL,50.93004,-2.26106
Sheepwash,OSM,53.0024336,-2.0716165
Wear Gifford,OSM,54.8942974,-1.4342635
Winterborne Whitchurch,YQL,50.801048,-2.2313
Clovelly,OSM,50.998028,-4.3987551
Langton Long,YQL,50.85344,-2.14815
Steepleton,YQL,50.70654,-2.52689
Pimperne (parish),YQL,50.88344,-2.133805
Hartland,OSM,50.9927936,-4.4800636
Stourpain,YQL,54.821911,-7.46518
Tarrant Hinton,YQL,50.89797,-2.08913
Wellcombe,OSM,50.7529251,0.2638377
Woolfardisworthy,OSM,50.9642448,-4.3772704
Tarrant Keynston,YQL,50.837391,-2.10532
"Peter's Marland",OSM,50.9004344,-4.1660604
Tarrant Launceston,YQL,50.88723,-2.08339
Winterbourne Houghton,YQL,50.83947,-2.25659
Langton Matravers,YQL,50.60814,-2.0015
Winterbourne Strickland,YQL,50.843899,-2.23691
Studland,YQL,50.64226,-1.95272
Ashford,OSM,51.4333277,-0.4616912
Berrynarbor,OSM,51.2017683,-4.0623205
Swanage,YQL,50.61201,-1.96406
Worth Matravers,YQL,50.59741,-2.03741
 Winterborne,YQL,50.83947,-2.25659
Bratton Fleming,OSM,51.1217819,-3.939457
Chaldon Herring,YQL,50.649059,-2.29705
Coombe Keymes,YQL,50.659721,-2.22677
East Lulworth,YQL,50.63707,-2.20049
East Stoke,YQL,50.6749,-2.19211
Moreton,YQL,51.98973,-1.70328
Poxwell,YQL,50.65286,-2.3659
Braunton,OSM,51.1083317,-4.161138
"Buckland, East",OSM,51.8027259,-0.7136715
Wareham,YQL,50.69021,-2.11291
"Buckland, West",OSM,50.3145607,-3.6694347
Yarnscombe,OSM,50.9937836,-4.0504047
Warmwell,YQL,50.67161,-2.35136
Winfrith (parish),YQL,50.660706,-2.27523
Woodsford,YQL,50.71372,-2.33706
Barnstaple,OSM,51.0804057,-4.0600467
"Down, East",OSM,50.8534588,-0.2036662
Bradford Abbas,YQL,50.92863,-2.58465
"Down, West",OSM,51.3277573,-2.2040441
Filleigh,OSM,51.0364733,-3.9047255
Caundle Marsh,YQL,50.9187,-2.461
Caundle Purse,YQL,50.96127,-2.43676
Compton Nether,YQL,50.9542,-2.57472
Georgeham,OSM,51.1347174,-4.1961874
Goodleigh,OSM,51.0893581,-4.0003987
Compton Over,YQL,50.9496,-2.57845
Heanton Punchardon,OSM,51.1006802,-4.1356727
Ilfracombe,OSM,51.2076674,-4.1254662
Haydon,YQL,51.00716,-3.06305
Holnest,YQL,50.88509,-2.4879
Folke,YQL,50.91988,-2.48595
Longburton,YQL,50.91495,-2.50141
Lydlinch,YQL,50.92228,-2.36327
Kentisbury,OSM,51.1773786,-3.9735212
Marwood,OSM,51.1190268,-4.0789434
North Wootton,YQL,51.17348,-2.62117
Oborne,YQL,50.96492,-2.4927
Combe Martin,OSM,51.2053768,-4.034959
Pilton,OSM,51.1657413,-2.5864648
Sherborne (town),YQL,50.967602,-2.47463
Thornford,YQL,50.91768,-2.56274
Trentishoe,OSM,51.220231,-3.9387382
Batcombe,YQL,50.83731,-2.54325
Cheriton Fitzpaine,OSM,50.8448043,-3.6087208
Poughill,OSM,50.8421875,-4.5253367
Chetnole,YQL,50.8709,-2.56719
Stockleigh English,OSM,50.845013,-3.6351447
Leigh,YQL,53.49696,-2.51891
Melbury Bubb,YQL,50.85789,-2.57379
Halstock,YQL,50.86739,-2.65626
"Melbury Osmond, Yetminster (parish)",YQL,50.8683,-2.606755
Stockleigh Pomeroy,OSM,50.8220883,-3.5928937
Washfield,OSM,50.9279825,-3.5151795
Ryme Intrinsica,YQL,50.89534,-2.5985
Butterleigh,OSM,50.8631572,-3.4589551
Mappowder,YQL,50.85418,-2.37537
Pulham,YQL,50.87716,-2.41587
Colyton,OSM,50.7400528,-3.0662699
Colebrook,OSM,51.3624648,-0.5256714
Chesilborne,YQL,50.80014,-2.34241
Crediton,OSM,50.7895868,-3.658963
Ibberton,YQL,50.87162,-2.30331
Kennerleigh,OSM,50.8538755,-3.6782789
Wootton Glanville,YQL,50.8722,-2.45961
Melcombe Bingham,YQL,50.82322,-2.33842
Stoke Wake,YQL,50.85759,-2.33743
Milton Abbas,YQL,50.81857,-2.27003
Woolland,YQL,50.86159,-2.32062
Ashprington,OSM,50.4011422,-3.6651825
Mintern Magna,YQL,50.83683,-2.48467
Newton Cyres,OSM,50.7787397,-3.5890083
Sandford,OSM,50.8099351,-3.664056
Piddletrenthide,YQL,50.79659,-2.41947
Alton Pancras,YQL,50.82557,-2.42803
Cerne Abbas,YQL,50.80953,-2.48104
Cattistock,YQL,50.79466,-2.58031
Compton Abbas,YQL,50.96629,-2.1876
Cornworthy,OSM,50.3880413,-3.6504237
Godmanstone,YQL,50.77187,-2.4749
Sydling,YQL,50.8082,-2.52695
Hinton St Mary,YQL,50.94407,-2.30842
Margaret Marsh,YQL,50.96888,-2.25277
Marnhull,YQL,50.96738,-2.31203
Dittisham,OSM,50.3825193,-3.5988244
Okeford Fitzpaine,YQL,50.89786,-2.27676
Sturminster Newton Castle,YQL,50.911381,-2.26975
Stalbridge,YQL,50.95572,-2.37537
Halwell,OSM,50.3659281,-3.7221448
Buckhorn Weston,YQL,51.0206,-2.34852
Harberton,OSM,50.4139013,-3.7222294
Stourton Caundle,YQL,50.93443,-2.40782
Child Okeford,YQL,50.91113,-2.23619
Fifehead Magdalen,YQL,50.99239,-2.31454
Kington Magna,YQL,51.00781,-2.33658
Buckland Tout Saints,OSM,50.3038824,-3.7495768
Manston,YQL,50.93645,-2.26295
Chivelstone,OSM,50.2353337,-3.7082834
Charleton,OSM,50.2700116,-3.7489233
Sutton Waldron,YQL,50.94317,-2.19478
Todbere,YQL,50.979771,-2.28688
Twerne Courtnay,YQL,50.91243,-2.20054
Dodbrooke,OSM,50.2852723,-3.7717722
East Portlemouth,OSM,50.2330213,-3.7583115
Sherford,OSM,50.286545,-3.7147533
Stower Provost,YQL,50.992432,-2.29279
Bradpole,YQL,50.7449,-2.73657
Beaminster (parish),YQL,50.813856,-2.739645
Slapton,OSM,51.8772188,-0.6449727
Southpool,OSM,53.3796524,-2.1493237
Cheddington,YQL,51.84683,-0.66272
Chardstock,YQL,50.83466,-2.97992
"Alvington, West",OSM,51.7047863,-2.5768962
Corscombe,YQL,50.84597,-2.68441
Mapperton,YQL,50.79628,-2.70528
Churchstow,OSM,50.2989595,-3.8083065
"Allington, East",OSM,51.2878034,0.5000993
Netherbury,YQL,50.79048,-2.75288
Kingsbridge,OSM,50.2848555,-3.7789738
"Huish, South",OSM,50.8803305,-4.0872305
Stoke Abbas,YQL,53.021679,-2.159045
Broadwinsor,YQL,50.820412,-2.79478
Bettiscombe,YQL,50.796,-2.85462
Poorstock,YQL,55.49604,-4.60682
Bincombe,YQL,50.65983,-2.44616
Marlborough,OSM,51.4210189,-1.728952
Thurleston,OSM,54.8591229,-1.4810576
"Milton, South",OSM,52.0114525,-1.3457737
Woodley,OSM,53.4291998,-2.0928676
Compton Vallence,YQL,50.737179,-2.57785
Loders,YQL,50.74554,-2.716
Bothenhampton,YQL,50.72365,-2.74953
Burstock,YQL,50.82423,-2.82374
Aveton Gifford,OSM,50.3146697,-3.8378524
Bigbury,OSM,50.3029397,-3.8712669
Cornwood,OSM,50.4202652,-3.9635926
Charmouth,YQL,50.73862,-2.90325
Ermington,OSM,50.3616803,-3.9169185
Chideock,YQL,50.73207,-2.81847
Pilsdon,YQL,50.79287,-2.83388
Marshwood,YQL,50.79319,-2.87841
Symondsbury,YQL,50.73981,-2.78668
Harford,OSM,50.4195759,-3.9175274
Modbury,OSM,50.3511383,-3.8886866
Wootton Fitzpaine,YQL,50.75731,-2.8941
Holbeton,OSM,50.3359676,-3.948872
Newton Ferrers,OSM,50.3135464,-4.0434354
Allington,YQL,51.36908,-1.90477
Whitchurch Canonicorum (parish),YQL,50.754946,-2.857995
Ringmore,OSM,50.5393479,-3.5156693
Skipton George,YQL,53.94405,-2.04436
Walditch,YQL,50.73159,-2.73261
Askerswell,YQL,50.73091,-2.6687
Ugborough,OSM,50.3871442,-3.86353
Hooke,YQL,50.79937,-2.65996
Plymstock,OSM,50.3600427,-4.0911388
Winterbourne Abbas,YQL,50.71253,-2.53979
Wroxall,YQL,50.61595,-1.22274
Revelstoke,OSM,50.3036639,-4.0215727
"Plympton, St Mary",OSM,50.3847932,-4.1055619
Longbredy and Kingston,YQL,51.411036,-0.291415
Canford Magna,YQL,50.766701,-1.95
Charlton Marshal,YQL,50.83419,-2.13967
Corfe Mullen,YQL,50.77709,-2.01515
Shaugh ,OSM,50.4501912,-4.0525391
Hamworthy,YQL,50.72149,-2.0112
Wembury,OSM,50.3241083,-4.0727463
Lytchett Matravers,YQL,50.75624,-2.0776
Kingston,YQL,51.411041,-0.29142
Lytchett Minster,YQL,50.73915,-2.06076
"Exminster, parish",OSM,50.6794957,-3.4937623
Chettle,YQL,50.92391,-2.07334
Sturminster Marshal,YQL,50.793152,-2.07759
Cranborne and tithings,YQL,50.91903,-1.92084
Tarrant Monckton,YQL,50.8806,-2.08087
Ide,OSM,50.7048509,-3.5568952
Kenn,OSM,50.6586147,-3.5286291
Morden,YQL,51.4013,-0.18979
Kenton,OSM,51.5815305,-0.316625
Spetisbury,YQL,50.82217,-2.12662
Mamhead,OSM,50.6194653,-3.5137095
Gussage All Saints,YQL,50.89593,-2.00348
Woodlands,YQL,51.326801,0.2558
Powderham,OSM,50.6486636,-3.4616025
Gillingham,YQL,51.38646,0.54954
Shillingford ,OSM,51.6300512,-1.1400984
Alverdiscott,OSM,51.0072205,-4.1113538
Fremington,OSM,51.0718382,-4.1307457
Chalbury,YQL,50.86257,-1.97612
Great Torrington,OSM,50.9520536,-4.1428753
Gussage St Michael,YQL,50.90235,-2.02246
Critchill Moore,YQL,53.362224,-2.633785
Harwood,OSM,54.6944717,-2.2833106
Huntshaw,OSM,50.986227,-4.1294116
Hinton Martell,YQL,50.8544,-1.98311
Instow,OSM,51.0525911,-4.1772082
Newton Tracy,OSM,53.4515545,-2.6180367
Hinton Parva,YQL,50.83936,-2.0032
Roborough,OSM,50.4411068,-4.1081341
Shapwick,YQL,51.13522,-2.83432
St Giles,OSM,51.515625,-0.1281371
Tawstock,OSM,51.0500476,-4.0629453
Bellchalwell,YQL,50.886131,-2.29861
Wimborne Minster and hamlets therein,YQL,50.797785,-1.967735
West Leigh,OSM,50.3538109,-3.8521572
Motcombe,YQL,51.02967,-2.21661
Edmondsham,YQL,50.90255,-1.91351
Abbots Kerswell,OSM,52.1416379,-2.1636035
Hampreston,YQL,50.78825,-1.9247
Farnham,YQL,51.21446,-0.80037
Berry Pomeroy,OSM,50.4377825,-3.6516866
Brixham,OSM,50.3952404,-3.514544
Broadhempston,OSM,50.4830854,-3.6868304
Pentridge,YQL,50.96064,-1.95075
Moor,OSM,50.9420091,-2.8128974
Rushton Tarrant,YQL,50.8516,-2.09105
Tarrant Gunville,YQL,50.91452,-2.10684
Churston Ferrers,OSM,50.3921772,-3.5463964
West Parley,YQL,50.7848,-1.88121
Cockington,OSM,50.463453,-3.559329
Coffinswell,OSM,50.5073692,-3.5684326
Witchampton,YQL,50.85637,-2.01615
Denbury,OSM,50.5075946,-3.6602809
Wimborne All Saints,YQL,50.89593,-2.00348
Wimborne St Giles,YQL,50.90757,-1.95649
Haccombe,OSM,50.5206901,-3.5560515
Compton Abbas,YQL,50.96629,-2.1876
Ipplepen,OSM,50.4888611,-3.6400628
Marldon,OSM,50.4576267,-3.5963049
Fontmell Magna,YQL,50.95175,-2.18986
Handley,YQL,53.11528,-2.79546
Iwerne Minster,YQL,50.92852,-2.19262
Melbury Abbas,YQL,50.97834,-2.16838
"King's Kerswell",OSM,52.1472261,-2.2175937
Paignton,OSM,50.4377018,-3.5632704
"King's Wear",OSM,54.4302777,-0.5321356
St Mary Church,OSM,51.4347145,-3.4388573
Chickerell,YQL,50.6228,-2.50527
Staverton,OSM,52.2505016,-1.2112319
St James,YQL,51.462318,-2.59124
Stoke Gabriel,OSM,50.4038106,-3.6219714
Rodipole ,YQL,50.62812,-2.47805
West Knighton,YQL,50.6843,-2.37973
Moor,OSM,50.9420091,-2.8128974
Upway,YQL,53.224949,-4.13226
Woodland,OSM,54.6333849,-1.8931422
Dartington,OSM,50.4500533,-3.7104581
Diptford,OSM,50.3966537,-3.7889287
"Brent, South",OSM,51.5363916,-0.2878064
Whitcombe,YQL,50.69382,-2.40345
West Stafford and Froome Billet,YQL,52.8029,-2.106335
"Huish, North",OSM,50.8803305,-4.0872305
Morleigh,OSM,54.1825841,-2.7204832
Rattery,OSM,50.4409699,-3.7760785
Bickington,OSM,50.5413584,-3.6960155
Isle of Portland,YQL,50.69688,-1.29991
Wyke Regis (liberty),YQL,50.593386,-2.474705
Broadmayne,YQL,50.67828,-2.38502
Bradford and Muckleford,YQL,53.76371,-1.8582
"Bovey, North",OSM,51.5970325,-0.1921571
Hennock,OSM,50.6158319,-3.6546701
Charminster,YQL,50.73402,-2.45724
Bovey South ,OSM,51.5970325,-0.1921571
Stinsford,YQL,50.72062,-2.41112
Highweek,OSM,50.5368587,-3.6275833
Ideford,OSM,50.585049,-3.5661825
Winterbourne St Martin,YQL,50.072436,-5.166605
Stratton and Grimston,YQL,51.578945,-1.752065
Ilsington,OSM,50.572755,-3.717332
Kingsteignton,OSM,50.549595,-3.5955735
Lustleigh,OSM,50.618024,-3.7193122
Tincleton,YQL,50.72716,-2.33152
Frome Vauchurch,YQL,50.77269,-2.57148
Tolpuddle,YQL,50.7495,-2.29489
"Chelborough, West",YQL,50.84631,-2.6523
Manaton,OSM,50.6172738,-3.7676421
Moreton Hampstead,OSM,51.55713895,-0.180983155882354
Teigngrace,OSM,50.5537665,-3.6259893
Maiden Newton,YQL,50.77706,-2.57157
Toller Porcorum,YQL,50.77993,-2.62113
Chilcombe,YQL,50.72086,-2.67254
Ashcombe,OSM,50.6058344,-3.5367719
Fleet,YQL,51.27689,-0.84242
Ashton,OSM,53.4911289,-2.0937689
Bishopsteignton,OSM,50.5527444,-3.5443661
Hawkchurch,YQL,50.80039,-2.93598
Langton Herring,YQL,50.6415,-2.54744
Chudleigh,OSM,50.6046345,-3.6004981
Portisham,YQL,50.671101,-2.56457
Dawlish,OSM,50.5797391,-3.468931
Swyre,YQL,50.69112,-2.66992
Winterbourne Steepleton,YQL,50.70654,-2.52689
Doddiscombsleigh,OSM,50.66875,-3.6229313
"Teignmouth, East",OSM,50.5462698,-3.4959273
Dallwood Fordington liberty,YQL,50.71435,-2.42916
Teignmouth West,OSM,50.5462698,-3.4959273
Trusham,OSM,50.6278335,-3.6209457
Fordington Fordington liberty,YQL,50.71435,-2.42916
Combeinteignhead,OSM,50.533881,-3.5511021
Bere Regis,YQL,50.75163,-2.21363
Puddle Hinton (liberty),YQL,50.910164,-2.82544
Winterborne Kingston,YQL,50.77831,-2.19829
"Ogwell, East",OSM,50.5187635,-3.6390217
"Ogwell, West",OSM,50.5183194,-3.6599801
Stokeinteignhead,OSM,50.5246526,-3.5306454
Boldon,YQL,54.945728,-1.43937
Ebchester,YQL,54.89388,-1.84061
St Nicholas,OSM,51.4607189,-3.3113264
Buckfastleigh,OSM,50.4798274,-3.7856288
Edmondbyers,YQL,54.845032,-1.97672
Dean Prior,OSM,50.4577535,-3.7896777
Esh,YQL,50.83335,-0.28838
Holne,OSM,50.5114318,-3.8260012
Hunstanworth,YQL,54.83514,-2.07968
Gateside ,YQL,55.79426,-4.41577
Jarrow,YQL,54.98278,-1.47869
Alphington,OSM,50.7002282,-3.5356744
Lamesley,YQL,54.91656,-1.60882
Brampford Speke,OSM,50.7766,-3.524283
Lanchester,YQL,54.82101,-1.7431
Medomsley,YQL,54.88303,-1.81653
Monkwearmouth,YQL,54.918468,-1.39156
Muggleswick,YQL,54.84441,-1.93853
Chagford,OSM,50.6730768,-3.8402919
Cheriton Bishop,OSM,50.7240275,-3.7396684
Ryton,YQL,54.97292,-1.76156
Christow,OSM,50.6525542,-3.6499136
St Hilda (South Shields),YQL,54.994801,-1.43101
Tanfield,YQL,54.89368,-1.70837
Whickham,YQL,54.94589,-1.67748
Whitburn,YQL,55.8661,-3.68878
Dunsford,OSM,50.6901112,-3.6815546
Aycliffe,YQL,54.59675,-1.56326
Bridford,OSM,53.7941567,-1.7494778
Barnard Castle,YQL,54.54315,-1.92381
Brancepeth,YQL,54.73646,-1.65667
Cockfield,YQL,52.15693,0.78376
Coniscliffe,YQL,54.532,-1.65078
"Exeter, St David's",OSM,50.7292168,-3.5436036
"Exeter, St George",OSM,50.5649324,-3.4801235
Gainford,YQL,54.54711,-1.73765
"Exeter, St John's ",OSM,50.6365399,-3.3439977
Hamsterley,YQL,54.6745,-1.81805
Heighington,YQL,53.21245,-0.45753
Merrington,YQL,52.78327,-2.78422
Sadberge,YQL,54.54664,-1.47009
"Exeter, St Lawrence",OSM,50.7922985,-3.665226
Whitworth,YQL,54.70344,-1.63283
Whorlton,YQL,54.53022,-1.83938
Winston,YQL,54.545841,-1.78566
"Exeter, St Mary Arches",OSM,50.72229315,-3.53382161734258
Wolsingham,YQL,54.73008,-1.88452
Castle Eden,YQL,54.73597,-1.34275
Croxdale,YQL,54.72605,-1.58439
Dale,YQL,51.711189,-5.16921
"Durham, North Bailey",YQL,54.773819,-1.57474
"Durham, South Bailey",YQL,54.77111,-1.57864
"Exeter, St Martin's",OSM,50.7234595,-3.52992721441177
"Exeter, St Mary Steps",OSM,50.71987355,-3.53472537335568
"Durham, St Nicholas",YQL,54.787041,-1.59801
Easington,YQL,54.771684,-1.35564
Kelloe,YQL,54.71888,-1.47627
Monk Hesleton,YQL,54.728809,-1.29474
"Exeter, St Paul's",OSM,50.62509655,-3.44932836519727
Pittington,YQL,54.78968,-1.49004
Seaham,YQL,54.83773,-1.34164
"Exeter, St Pancras",OSM,50.7237575,-3.53251831504421
Sunderland,YQL,54.90228,-1.38636
Sherburn Hospital,YQL,50.94915,-2.51851
Trimdon,YQL,54.70026,-1.41396
Billingham,YQL,54.60686,-1.29365
"Exeter, St Peter's ",OSM,50.63027565,-3.32671294541488
Bishopton,YQL,55.91108,-4.51308
Eaglescliffe,YQL,54.52927,-1.34737
Elwick ,YQL,54.68377,-1.29541
Elton,YQL,53.27549,-2.81393
"Exeter, St Sidwell's",OSM,50.7295153,-3.5240674
Greatham,YQL,50.93279,-0.5164
"Exeter, St Stephens",OSM,50.7240614,-3.52984208739892
Great Stainton,YQL,54.59445,-1.47902
Hartlepool,YQL,54.68538,-1.21322
Grindon,YQL,55.69672,-2.13654
Hart,YQL,51.276169,-0.8818
Gidleigh,OSM,50.679842,-3.8823956
"Exeter, St Trinity",OSM,50.8416151,-3.4296588
Long Newton,YQL,54.54075,-1.41129
Hurworth,YQL,54.49958,-1.52308
Hittisleigh,OSM,50.741521,-3.7982768
Heavitree,OSM,50.722192,-3.5028547
"Middleton, St George",YQL,54.52028,-1.47275
Holcombe Burnell,OSM,50.70745685,-3.6119250795709
Huxham,OSM,50.7701018,-3.4956131
Pinhoe,OSM,50.7378038,-3.4700473
Sockburn,YQL,54.46216,-1.46385
Poltimore,OSM,50.7624066,-3.4672206
Ashen,YQL,52.05279,0.54415
South Tawton,OSM,50.7339333,-3.9090765
Alphamstone,YQL,51.9848,0.73196
Ballingdon,YQL,53.816959,-2.41986
Belchamp Otton,YQL,52.043701,0.62292
St Leonard,OSM,51.5268583,-0.0771623420146189
Apostle,OSM,51.0908715,-1.7840373
Belchamp Walter,YQL,52.03331,0.64919
Birdbrook,YQL,52.04244,0.48803
Belchamp St Paul,YQL,52.05042,0.61277
Spreyton,OSM,50.7554175,-3.8430541
Stoke Canon,OSM,50.7712893,-3.5068984
Borley,YQL,52.05459,0.69538
Bulmer,YQL,52.03029,0.6873
Sowton,OSM,50.7242358,-3.4511745
"Bumpstead, Steeple",YQL,52.04464,0.44619
Throwleigh,OSM,50.7012836,-3.8872482
Braintree,YQL,51.87776,0.55324
Tedburn,OSM,50.765149,-3.6719174
Felstead,YQL,51.855968,0.43375
Topsham,OSM,50.6850732,-3.4658063
Finchingfield,YQL,51.96848,0.45081
Whitstone,OSM,50.7618158,-4.4637319
Foxearth,YQL,52.06983,0.67675
Wonford,OSM,50.8637959,-4.3148533
Bradstone,OSM,50.6050569,-4.2895021
Rewe,OSM,50.7838158,-3.4963942
Gestingthorpe,YQL,52.01426,0.63875
Gosfield,YQL,51.93885,0.58761
Bratton Clovelly,OSM,50.704808,-4.1760561
Halstead,YQL,51.944,0.63583
Hedingham Castle,YQL,51.99102,0.60028
Bridestowe,OSM,50.6861266,-4.1038681
Hedingham Sible,YQL,51.97825,0.59238
Dunterton,OSM,50.5905647,-4.2931928
Lamerton,OSM,50.5718099,-4.1907644
Lamarsh,YQL,51.98684,0.75231
Lewtrenchard,OSM,50.6535683,-4.1841371
Lidford,OSM,50.4228749,-3.5842601
Kelly,OSM,50.6234686,-3.7085934
Maplestead Magna,YQL,51.979488,0.63118
Marystow,OSM,50.6238552,-4.2145748
Panfield,YQL,51.89865,0.52434
Okehampton,OSM,50.7376766,-4.000319
Maplestead Parva,YQL,51.979488,0.63118
Lifton (parish),OSM,50.6101877,-4.26955486779398
Ovington,YQL,54.96818,-1.8993
Upton Pine,OSM,52.0611191,-2.2151396
Pebmarsh,YQL,51.96876,0.69677
Middleton,YQL,50.793541,-0.63199
Stowford,OSM,50.660352,-4.2180339
Thrushelton,OSM,50.6674017,-4.1978236
Pentlow,YQL,52.07334,0.6478
Virginstow,OSM,50.7113109,-4.2963252
Ridgwell,YQL,52.039902,0.53066
Shalford,YQL,51.9363,0.50175
Bickleigh,OSM,50.4421019,-4.0844681
Stambourne,YQL,52.01901,0.50936
Buckland Monachorum,OSM,50.4951235,-4.1312224
Meavy,OSM,50.4865938,-4.0571097
Stebbing,YQL,51.90059,0.40492
Stisted,YQL,51.89348,0.61418
Plymouth,OSM,50.3712659,-4.1425658
Sampford Spiney,OSM,50.5341759,-4.0690198
Twinstead,YQL,51.99712,0.71083
Clare,YQL,52.0807,0.5814
Wickham St Paul,YQL,51.99555,0.66637
Walkhampton,OSM,50.5083511,-4.0696206
Tavy St Mary,OSM,50.593631,-4.1142404
Whitchurch,OSM,52.9704092,-2.6852137
Arlington,OSM,50.8458768,0.191918
Yeldham Parva,YQL,52.016192,0.56782
Southampton,YQL,50.90997,-1.4071
St Peter Tavy,OSM,50.5793244,-4.0998959
Brendon,OSM,51.2200684,-3.7642682
Charles,OSM,51.080442,-3.8756851
Countisbury,OSM,51.2320188,-3.7958191
Redbourn,YQL,51.79973,-0.3961
Sandridge,YQL,51.77922,-0.30701
Bluntisham cum Earith,YQL,52.360506,0.0108
Bury,YQL,53.58972,-2.30103
Loxhore,OSM,51.1304215,-3.9780813
Martinhoe,OSM,51.2220518,-3.9084405
Parracombe,OSM,51.1879114,-3.9083591
Linton,OSM,51.2241065,0.5118273
Colne,YQL,53.8568,-2.17037
Stoke Rivers,OSM,51.0996016,-3.9539352
Holywell cum Needingworth,YQL,52.318111,-0.03858
Houghton cum Witton,YQL,54.838589,-1.48176
Pidsey cum Fenton,YQL,52.998194,-2.156635
Milton Abbots ,OSM,55.6330854,-3.8810219
Ramsey ,YQL,52.443291,-0.1134
Raveley Magna cum Upwood,YQL,52.427346,-0.150235
Atherington,OSM,50.989645,-4.0085181
Raveley Parva,YQL,52.402996,-0.155795
Tavistock (parish),OSM,52.80816825,-2.10134736833076
Ripton Abbots,YQL,52.388,-0.19427
Bondleigh,OSM,50.8267361,-3.9137191
Burrington,OSM,51.3307127,-2.7497033
St Ives,YQL,50.21033,-5.48568
Somersham,YQL,52.38234,-5.0E-4
Dolton,OSM,50.8917617,-4.0296384
Dowland,OSM,50.8744333,-4.0362903
Down St Mary,OSM,50.8251727,-3.7845004
Stukeley Parva,YQL,52.36443,-0.22813
High Bickington ,OSM,50.9668254,-3.9970296
Warboys,YQL,52.40358,-0.07834
Stukeley Magna,YQL,52.36443,-0.22813
Brampton,YQL,54.94252,-2.7365
Zeal Monachorum,OSM,50.8219779,-3.8195358
Brington,YQL,52.36878,-0.409
Alconbury cum Weston,YQL,51.465294,-2.795035
Bishops Tawton,OSM,51.0527337,-4.0463498
"Anstey, East",OSM,52.6745715,-1.1893416
"Anstey, West",OSM,52.6745715,-1.1893416
Bythorn,YQL,52.36984,-0.44997
Catworth Magna,YQL,52.345936,-0.405305
Buckworth,YQL,52.37682,-0.31167
Knowstone,OSM,50.995469,-3.6723383
Chittlehampton,OSM,51.0124789,-3.9483291
Landkey,OSM,51.0624898,-4.0051153
Coppingford cum Upton,YQL,51.455286,0.127855
Covington,YQL,55.633331,-3.63333
Molland,OSM,51.0419769,-3.6995589
Edlington,YQL,53.22589,-0.1531
Gidding Magna,YQL,52.435165,-0.35401
Gidding Parva,YQL,52.435165,-0.35401
"Gidding, Steeple",YQL,52.4188,-0.32995
"Nympton, St George",OSM,50.99133,-3.8533109
Graffham,YQL,50.95313,-0.67764
Hamerton,YQL,52.40272,-0.33339
Keyston,YQL,52.36697,-0.46783
"Molton, North",OSM,51.0170696,-3.8330599
Satterleigh,OSM,50.9879986,-3.8990479
Swimbridge,OSM,51.0534691,-3.9709224
Spaldwick,YQL,52.34151,-0.34363
Oldweston,YQL,52.382851,-0.38698
Swineshead,YQL,52.28103,-0.45611
Twitchen,OSM,51.0607992,-3.7288602
Warkleigh,OSM,50.9890415,-3.9362018
Bishops Nympton,OSM,51.0008716,-3.7689638
Woolley,YQL,53.61393,-1.51488
Winnick,YQL,51.89819,-0.71869
Alwalton,YQL,52.54837,-0.32651
Caldecote,YQL,52.15259,-0.99696
Cheldon,OSM,50.9068022,-3.8009389
Chulmleigh,OSM,50.9127205,-3.8690487
Creacombe,OSM,50.960259,-3.6822913
Conington,YQL,52.45921,-0.27268
Elton,YQL,53.27549,-2.81393
Farcett,YQL,51.388802,-2.11362
Fletton,YQL,52.55774,-0.24711
Glatton,YQL,52.46009,-0.30285
"King's Nympton",OSM,50.9359747,-3.9053929
Morborn,YQL,52.509861,-0.32078
Oakford,OSM,52.1983307,-4.2664011
Puddington,OSM,53.2529514,-3.009152
Romansleigh,OSM,50.9701217,-3.8144853
Rackenford,OSM,50.9520464,-3.636499
"Sawtrey, St Andrew and St Judith",YQL,52.475471,-1.86787
Rose Ash,OSM,50.9823364,-3.7262849
Stoodleigh,OSM,50.9590684,-3.5375639
Templeton,OSM,51.7743574,-4.7369062
"Sawtrey, All Saints",YQL,50.807884,-2.982195
Stibbington,YQL,52.57463,-0.3994
Stilton,YQL,52.49109,-0.28957
Thelbridge,OSM,50.90007645,-3.70038032645338
Washford Pyne,OSM,50.8930932,-3.6901074
Woolfardisworthy,OSM,50.9642448,-4.3772704
Meshaw,OSM,50.9635652,-3.7696197
Woodwalton,YQL,52.40936,-0.22789
Yaxley,YQL,52.32563,1.11184
Folksworth,YQL,52.49331,-0.31093
"Worlington, East and West",OSM,52.3312784,0.4839263
Abbotsley,YQL,52.19389,-0.20589
Buckden,YQL,54.19037,-2.09044
Standground,YQL,52.55473,-0.21314
Anderson,OSM,50.7769973,-2.172043
Blandford ,OSM,50.8575902,-2.1632074
Fen Stanton,YQL,52.323626,0.88436
Gransden Magna,YQL,52.187065,-0.14382
St Mary,OSM,51.08836795,-1.2030370803995
Hail Weston,YQL,52.24554,-0.29673
Bloxworth,OSM,50.7517585,-2.1672899
Wool,OSM,50.6788702,-2.2205433
Paxton Parva,YQL,55.77224,-2.105735
St Neots,YQL,52.22791,-0.2618
Southoe,YQL,52.2645,-0.26783
Arne,OSM,50.6925222,-2.0387149
Church Knowle,OSM,50.6353509,-2.083395
East Holme,OSM,52.4773379,-1.8669907
Kimmeridge,OSM,50.6163195,-2.1191167
Waresley,YQL,52.33111,-2.23437
Diddington,YQL,52.27554,-0.25078
Steeple,OSM,54.4933552,-3.3021968
Tyneham,OSM,50.6219904,-2.16947632994892
Dover,YQL,51.12577,1.31775
"Langdon, West",YQL,51.17866,1.3176
Lydden,YQL,51.16565,1.23648
Owermoigne,OSM,50.6667749,-2.3242512
River,YQL,51.145279,1.27567
Bryanstone,OSM,51.79451835,1.03579195
Durweston,OSM,50.8774736,-2.2037213
St Margaret at Cliffe and West Cliffe,YQL,51.152345,1.37558
Sibbertswold and Coldred,YQL,51.176186,1.246155
Fifehead,OSM,50.8913647,-2.3233289
Hoath,YQL,51.33478,1.16331
Hammoon,OSM,50.9297541,-2.2609211
Langton Long,OSM,50.8520128,-2.1461176
Stourmouth,YQL,51.31562,1.24831
Sturry,YQL,51.30143,1.12264
Bryan,OSM,51.9646586,-0.5873164
Westbere,YQL,51.30811,1.14436
"Hardres, Lower",YQL,51.23518,1.07967
Bridge,YQL,51.244919,1.12629
Tarrant Hinton,OSM,50.8992022,-2.0896222
Tarrant Keynston,OSM,50.8654971,-2.1205679
Tarrant Launceston,OSM,50.8867787,-2.0819222
"Hardres, Upper",YQL,51.21567,1.08145
Nackington,YQL,51.25011,1.08961
Langton Matravers,OSM,50.6106839,-2.0001078
Petham,YQL,51.22342,1.04614
Patrixbourne,YQL,51.25533,1.13571
Studland,OSM,50.6425616,-1.951962
Steepleton,OSM,50.90853235,-2.1723865014669
Ripple,YQL,52.0382,-2.18578
Swanage,OSM,50.6086976,-1.9571971
Adisham,YQL,51.24255,1.19045
Worth Matravers,OSM,50.5968799,-2.0383395
Ickham,YQL,51.27743,1.18521
Chaldon Herring,OSM,50.6493527,-2.2926218
 Winterborne,OSM,50.7910332,-2.1115374
Littlebourn,YQL,57.54871,-4.27727
Swalecliffe,YQL,51.361099,1.06544
Stodmarsh,YQL,51.30051,1.18157
East Lulworth,OSM,50.6381161,-2.2013105
Barfreston,YQL,51.1833,1.2667
Wickhambreux,YQL,51.285,1.18305
East Stoke,OSM,53.0361472,-0.877405609304778
Moreton,OSM,51.7363691,-0.9946278
Poxwell,OSM,50.6564878,-2.3654608
Chillenden,YQL,51.23612,1.25064
Eastry,YQL,51.24856,1.30918
Wareham,OSM,50.6868972,-2.1098377
Warmwell,OSM,50.6726895,-2.3510096
Eythorn,YQL,50.13818,-5.158
Ham and Betshanger,YQL,51.437755,-0.304515
Woodsford,OSM,51.5034793,-0.2095629
Waldershare,YQL,51.189999,1.26
Woodnesborough,YQL,51.2627,1.30696
Hackwood ,OSM,51.2465501,-1.0428449
Bradford Abbas,OSM,50.9272687,-2.5868996
Word ,YQL,52.318489,0.68092
Castleton,OSM,53.3430786,-1.7746203
Kingston,YQL,51.411041,-0.29142
Elmstone,YQL,51.29691,1.23845
Birchington,YQL,51.37403,1.30896
Preston juxta Wingham,YQL,51.27182,1.21429
Compton Nether,OSM,50.4586022,-3.5943553
Folke,OSM,50.9184668,-2.4853698
Compton Over,OSM,50.9502795,-2.5848095
St Nicholas at Wade,YQL,51.35393,1.25187
Haydon,OSM,51.0073946,-3.0626079
Holnest,OSM,50.8870259,-2.4911564
Harbledown,YQL,51.282,1.05637
Longburton,OSM,50.9145461,-2.5047109
Hackington alias St Stephen,YQL,50.344389,-4.89168
North Wootton,OSM,51.1742681,-2.6246117
Thanington alias St Nicholas,YQL,51.269911,1.05403
Caundle Purse,OSM,50.9557639,-2.4340185
Oborne,OSM,50.9670396,-2.4929589
"Christ Church, Canterbury (precinct)",YQL,51.37001,1.12829
Walloon Congregation in and about Canterbury,YQL,51.28034,1.080745
Blean otherwise St Cosmus and Damian,YQL,51.308025,1.04247
Seasalter,YQL,51.34372,0.99381
 Lillington,OSM,52.3023991,-1.5162756
Thornford,OSM,50.9156473,-2.5681898
Whitstable,YQL,51.36231,1.02665
Sherborne (town),OSM,51.54229305,-0.133675459597157
Nonington,YQL,51.22283,1.23332
Goodnestone,YQL,51.31616,0.93608
Caundle Marsh,OSM,50.9175477,-2.4592446
Lydlinch,OSM,50.9204588,-2.3670538
Womenswould,YQL,51.211189,1.18844
Cerne,OSM,50.8082914,-2.4782545
Batcombe,OSM,51.1499023,-2.4460522
Chetnole,OSM,50.8692291,-2.5648951
Sutton at Hone,YQL,51.40605,0.2377
Brasted,YQL,51.27537,0.10401
Melbury Bubb,OSM,50.8565008,-2.5750169
Leigh,OSM,53.4960455,-2.5171495
Halstock,OSM,50.8702593,-2.6561381
Chevening,YQL,51.29934,0.13295
Halstead,YQL,51.944,0.63583
Leigh juxta Tunbridge,YQL,51.19669,0.21493
Otford,YQL,51.31015,0.18992
Mappowder,OSM,50.8539671,-2.376927
Plush,OSM,50.818316,-2.4066152
Pulham,OSM,50.8755814,-2.4165628
Seal and Kemsing,YQL,51.306055,0.21821
Sevenoaks,YQL,51.27021,0.19296
Chiddingstone,YQL,51.18842,0.14136
Ibberton,OSM,50.8706641,-2.3018311
Melcombe Bingham,OSM,50.8222481,-2.3376203
Hilton,OSM,51.87661815,0.211287428192582
New Romney,YQL,50.98677,0.94648
Groombridge,YQL,51.11165,0.17856
Heiver,YQL,51.183498,0.11019
Milton Abbas,OSM,50.8144572,-2.2729152
Stoke Wake,OSM,50.8571207,-2.3360775
Edenbridge,YQL,51.19739,0.06475
Woolland,OSM,50.8618627,-2.3204579
Penshurst,YQL,51.172981,0.18373
Westerham,YQL,51.26709,0.07125
Aston cum Hothersall,YQL,53.82,-2.58
Piddletrenthide,OSM,50.7975111,-2.4136366
Alton Pancras,OSM,50.8221495,-2.4291797
Cattistock,OSM,50.7942171,-2.5818049
Bispham with Layton and pool,YQL,53.615525,-2.774205
Cerne Abbas,OSM,50.8110446,-2.4730959
"Bleasdale, Fulwood, and Myerscough",YQL,53.78828,-2.69268
Compton Abbas,OSM,50.9647491,-2.1865092
"Garstang, with the following townships, viz:",YQL,53.905485,-2.77812
Barnacre,YQL,53.91511,-2.74564
Bilborough,YQL,52.96121,-1.23057
Godmanstone,OSM,50.7739173,-2.4736469
Sydling,OSM,50.7940544,-2.5219809
Catteral,YQL,53.87923,-2.76264
Hinton St Mary,OSM,50.9452984,-2.3065518
Claughton,YQL,53.87397,-2.71565
Margaret Marsh,OSM,50.9679923,-2.2533713
Marnhull,OSM,50.9695537,-2.3173314
"Goosnargh, Newsham, and Whittingham",YQL,53.82058,-2.68223
Okeford Fitzpaine,OSM,50.898373,-2.2759105
Bryning cum Kellamurgh,YQL,53.761465,-2.911035
Stalbridge,OSM,50.9593849,-2.378254
Sturminster Newton Castle,OSM,50.899627,-2.2769064
Stourton Caundle,OSM,50.9326934,-2.4073911
Clifton cum Salwick,YQL,53.78302,-2.81801
Frockleton,YQL,53.75198,-2.88193
Greenalgh cum Thistleton,YQL,53.832255,-2.902945
Buckhorn Weston,OSM,51.0215947,-2.3494671
Child Okeford,OSM,50.9127554,-2.2355859
Medler cum Wesham,YQL,53.792059,-2.885515
Fifehead Magdalen,OSM,50.9927377,-2.3151326
East Stower,OSM,55.0659945,-2.4906795
Kington Magna,OSM,51.0067991,-2.3395108
Newton cum Scales,YQL,53.774052,-2.84005
Singleton Magna cum Parva,YQL,50.909775,-0.756095
Treals cum Roseacre,YQL,53.824135,-2.860745
Manston,OSM,51.3459804,1.3696263
Silton,OSM,51.0634045,-2.311822
Sutton Waldron,OSM,50.9424185,-2.1962081
Warton,YQL,52.80118,-2.34317
Weeton,YQL,53.80414,-2.93878
Wharles,YQL,53.81619,-2.84201
Lytham,YQL,53.74951,-2.99154
Pilling,YQL,53.93098,-2.91016
Stower Provost,OSM,50.9928235,-2.2753570992
"Poulton le Fylde, including",YQL,53.842159,-2.992985
West Stower,OSM,55.1654603,-2.5513599
Bradpole,OSM,50.7453428,-2.7355422
Carlton,YQL,52.966389,-1.09571
Preston,YQL,53.75796,-2.70573
St Michael on Wyre,YQL,53.866329,-2.86969
Hardhorn cum Newton and Marton,YQL,53.8309,-2.98348
Chardstock,OSM,50.834165,-2.9801437
Cheddington,OSM,51.8472781,-0.6640398
Stalmine,YQL,53.90078,-2.95251
Corscombe,OSM,50.8455531,-2.6853205
Mapperton,OSM,50.7880412,-2.1336559
Balderston,YQL,53.785801,-2.56033
Billington,YQL,52.78514,-2.16763
Netherbury,OSM,50.7923248,-2.7515402
Wambrook,OSM,50.8623849,-3.0046197
Stoke Abbas,OSM,51.0931951,-1.23664844311365
Clayton le Dale,YQL,53.79605,-2.50099
"Blackburn parish and places therein, viz:",YQL,53.748539,-2.488695
"Darwen, Lower",YQL,53.72301,-2.47062
"Darwen, Over",YQL,53.72189,-2.47509
Bettiscombe,OSM,50.7957469,-2.854917
Bincombe,OSM,51.1459525,-3.1688938
Little Harwood,YQL,53.76059,-2.46833
Burton ,OSM,51.7107439,-4.9197721
Frampton (parish),OSM,52.9518114,-0.0456399537632416
Mellor cum Eccleshill,YQL,53.818766,-1.735025
Livesey,YQL,53.718201,-2.52613
Osbaldeston,YQL,53.7829,-2.53823
Loders,OSM,50.7444939,-2.7193057
 Came,OSM,53.1512593,-0.22046
Bothenhampton,OSM,50.7244036,-2.7506775
Pleasington,YQL,53.73484,-2.54362
Burstock,OSM,50.8236805,-2.8224129
Charmouth,OSM,50.7400677,-2.9027504
Samlesbury,YQL,53.76712,-2.62222
Chideock,OSM,50.7315634,-2.8164551
Marshwood,OSM,50.7933487,-2.8748349
Pilsdon,OSM,50.793267,-2.8322645
Stockland,OSM,50.8367518,-3.0740367
Symondsbury,OSM,50.7396477,-2.789993
Tockoles,YQL,51.882751,-1.30426
Walton in the Dale and Overdale ,YQL,51.854284,1.27686
Allington,OSM,51.2878034,0.5000993
Skipton George,OSM,53.944094,-2.044398
Walditch,OSM,50.7313385,-2.73366907042071
Witton,YQL,56.81973,-2.7194
Chipping,YQL,51.94041,-1.54591
Risheton,YQL,52.438042,-0.7615
Wootton Fitzpaine,OSM,50.7563331,-2.9002306
Winterbourne Abbas,OSM,50.7134215,-2.5425469
Accrington,YQL,53.7553,-2.37065
"Whalley, parish and places therein, viz:",YQL,53.82395,-2.40556
"Ribchester, including Alston, Dilworth, and Dutton",YQL,53.814506,-2.53261
Askerswell,OSM,50.7321856,-2.6681789
Altham,YQL,53.79008,-2.35624
Wroxall,OSM,50.61605575,-1.21482043246741
Hooke,OSM,50.7991047,-2.6592856
Bacobb ,YQL,53.696548,-2.20226
Canford Magna,OSM,50.7844689,-1.9553986
Burnley,YQL,53.78801,-2.24381
Chadgley ,YQL,51.635311,-2.08174
Corfe Mullen,OSM,50.7663551,-2.021096
Hamworthy,OSM,50.7178289,-2.012165
Lytchett Minster,OSM,50.7384936,-2.0578342
Chatburn,YQL,53.89287,-2.35292
Church Kirk with Osbaldwistle,YQL,58.507898,-3.23226
Chettle,OSM,50.919154,-2.0682752
Clitheroe (borough),YQL,53.87196,-2.392835
Almer,OSM,50.7905451,-2.1237559
"Colne Trawden, etc",YQL,53.846741,-2.13591
Morden,OSM,51.4006852,-0.1938973
Downham,YQL,52.60231,0.37876
Dunkinhalgh ,YQL,53.768318,-2.39157
Spetisbury,OSM,50.8208068,-2.124485
Habergham Eaves,YQL,53.826454,-2.801745
Hapton,YQL,53.77555,-2.3112
Gussage All Saints,OSM,50.8978952,-1.9983177
Haslingden,YQL,53.70463,-2.32538
Woodlands,OSM,50.8808077,-1.9313194
Gillingham,OSM,51.3876562,0.5457712
Lytchett Matravers,OSM,50.7563068,-2.0827637
Mearley,YQL,53.740971,-1.58876
"Mitton, Henthorne, and Colcotes",YQL,53.84798,-2.43739
"New Church, Rossendale",YQL,53.703442,-2.27761
New Church in Pendle,YQL,53.850578,-2.27087
Pediham,YQL,53.801189,-2.31387
Motcombe,OSM,51.0273765,-2.2161854
Pendle,YQL,53.87904,-2.18937
Gussage St Michael,OSM,50.9026341,-2.0244894
Chalbury,OSM,50.8605908,-1.9715835
Hinton Martell,OSM,50.8553091,-1.9837971
 Crawford,OSM,55.4696605,-3.6573254
Reedley Hallows,YQL,53.811329,-2.24539
Hinton Parva,OSM,50.8397405,-2.0053695
Kingston,OSM,51.4096275,-0.3062621
Simonstone,YQL,53.80672,-2.34044
Wiswell,YQL,53.8324,-2.38899
Worsthorn cum Hurstwood,YQL,53.78801,-2.19012
Worston,YQL,53.87911,-2.33704
Shapwick,OSM,51.1397115,-2.8316905
Ashmore,OSM,50.9601828,-2.1240391
Chorley,YQL,53.65209,-2.63213
"Croston, with",YQL,53.266209,-2.63339
Edmondsham,OSM,50.9029311,-1.9120285
Bretherton,YQL,53.6814,-2.79867
Farnham,OSM,51.2142756,-0.7980149
Hampreston,OSM,50.788563,-1.9244396
Horton,OSM,50.9287146,-2.9667313
Oakford,OSM,52.1983307,-4.2664011
Holwell,OSM,51.7803784,-1.6645236
Pentridge,OSM,50.9602372,-1.952243
Rushton Tarrant,OSM,50.8519088,-2.0888299
Mawdesley,YQL,53.62625,-2.77114
Brindhill ,YQL,52.406319,-2.85447
Tarrant Gunville,OSM,50.915034,-2.1078858
Witchampton,OSM,50.8579978,-2.0168718
Rufford,YQL,53.1747,-1.03936
Wimborne St Giles,OSM,50.9080788,-1.9623685
Compton Abbas,OSM,50.9647491,-2.1865092
Walton,YQL,51.848701,1.2673
"Eccleston, with",YQL,52.806591,1.56692
Fontmell Magna,OSM,50.9525849,-2.1889983
Byspham,YQL,53.615528,-2.77421
Heskin,YQL,53.63608,-2.71377
Handley,OSM,53.152244,-1.4404694
Parbold,YQL,53.59288,-2.76423
West Parley,OSM,50.7852808,-1.8442379
Wrightington,YQL,53.61531,-2.7045
Hoole,YQL,53.20322,-2.86855
Iwerne Minster,OSM,50.9294216,-2.1918148
Wimborne All Saints,OSM,50.8526584,-2.1459345
Melbury Abbas,OSM,50.9785448,-2.1670996
"Leyland, with",YQL,53.697134,-2.71091
St James,OSM,51.5287529,-2.0125693
Clayton,YQL,53.483238,-2.18383
Euxton,YQL,53.66909,-2.67584
"Hoghton, Withnell, Whealton, and Heapey",YQL,53.674389,-2.602925
Wood,YQL,51.855652,-5.11749
Chickerell,OSM,50.6265374,-2.5082838
Mel,OSM,52.486269,-1.88561148842229
"Penwortham, with",YQL,53.74398,-2.726165
Osmington,OSM,50.6461536,-2.3901583
Farrington,YQL,50.93595,-2.22699
West Knighton,OSM,50.6878668,-2.3833062
Upway,OSM,51.6083011,-0.1665707
Weymouth,OSM,50.6191119,-2.4562462
Adlington,YQL,53.61557,-2.60002
Anderton,YQL,53.61459,-2.59297
Coppull,YQL,53.62238,-2.66038
Wyke Regis (liberty),OSM,50.5676544,-2.4473727
Charnock Heath,YQL,53.62162,-2.61176
Charnock Richard,YQL,53.63411,-2.66625
Isle of Portland,OSM,50.5365362,-2.4428687
(2),OSM,51.4464161,-3.166268
Langtree,YQL,50.91955,-4.20531
Shevington,YQL,53.57206,-2.69376
Broadmayne,OSM,50.6776427,-2.3912455
Whitcombe,OSM,50.89888065,-3.51254315668094
Stinsford,OSM,50.7182664,-2.4106636
Charminster,OSM,50.7347882,-2.4542899
Stratton and Grimston,OSM,51.9916321,1.3039596
Bolton and Dean parishes,YQL,53.060452,0.18082
Tincleton,OSM,50.7284835,-2.3283703
"Deane, including: Farmworth; Halliwell; Heaton; Horwich; Hulton, Little Hulton, Middle; Hulton, Over; Kersley; Romworth ; Westhaughton",YQL,53.591798,-2.543475
Bury and Radcliffe,YQL,53.580978,-2.303
Winterbourne St Martin,OSM,50.69963795,-2.5004501591072
"Chelborough, West",OSM,50.845676,-2.6529585
"Bolton, including: Bolton, Great and Little; Brightnett  NB a list of recusants / those who did not take the protestation is given on the last page of the Bolton return",YQL,53.585794,-2.438745
"Tottington, Lower",YQL,53.609804,-2.33901
Maiden Newton,OSM,50.7786979,-2.5744235
"Bury, including: Cowpe; Eatenfield ; Lench; Musbury; Newallhey; Shuttleworth",YQL,53.593134,-2.29491
Toller Porcorum,OSM,50.7800004,-2.6252352
Chilcombe,OSM,51.1425252,-3.2714376
"Middleton, including:",YQL,52.495936,-0.765825
Fleet,OSM,51.2828601,-0.831633347197901
"Birtle, Bamford, and Ashworth",YQL,53.625164,-2.255885
Hawkchurch,OSM,50.8008224,-2.9342193
Tolpuddle,OSM,50.7498099,-2.2919806
Langton Herring,OSM,50.64103,-2.5478424
Portisham,OSM,54.0324836,-1.0403283
Swyre,OSM,50.6935258,-2.6689959
Winterbourne Steepleton,OSM,50.7094019,-2.534086
Bere Regis,OSM,50.7552282,-2.2184869
Boldon,OSM,54.9463316,-1.4337819
Ebchester,OSM,54.8932035,-1.839975
Huddersfield,YQL,53.64696,-1.78268
Spotland,YQL,53.619732,-2.18065
Chester (ward),OSM,52.5357946,-1.8324576
Pilsworth,YQL,52.622021,-1.613
Manchester,YQL,53.4796,-2.24874
Edmondbyers,OSM,54.8455541,-1.9769264
Esh,OSM,54.7913891,-1.6967256
Gateside ,OSM,55.7468654,-4.6108198
Ardwick,YQL,53.46907,-2.22244
"Manchester, including:",YQL,53.442295,-2.23341
Birch,YQL,53.567429,-2.22559
Winterborne Kingston,OSM,50.7774472,-2.1940642
Hunstanworth,OSM,54.8360878,-2.0793158
Jarrow,OSM,54.9819067,-1.4811954
Lamesley,OSM,54.9139822,-1.6109777
Lanchester,OSM,54.8222151,-1.7443197
Blakeley ,YQL,53.02157,-1.92666
Cheetham,YQL,53.50019,-2.23918
"Chollerton , Haghend, Mansleache, and Hardie",YQL,55.03883,-2.094845
Medomsley,OSM,54.8829661,-1.8155077
Monkwearmouth,OSM,54.9158901,-1.3728539
Muggleswick,OSM,54.8444998,-1.9312355
Ryton,OSM,54.9737318,-1.7635466
Flixton,YQL,52.50527,1.70162
Tanfield,OSM,54.8947886,-1.7101422
Whickham,OSM,54.9436482,-1.6798674
"Didsbury, Withington, Burnage, and Levenshulme",YQL,53.421354,-2.217305
Washington,OSM,54.898614,-1.528827
Whitburn,OSM,54.9529889,-1.3669464
Gorton,YQL,53.46111,-2.17306
Gilbert,OSM,52.4372905,-1.9688837
Aycliffe,OSM,54.596146,-1.5587458
Barnard Castle,OSM,54.5443517,-1.9238695
Heaton Norris,YQL,53.413601,-2.1879
Brancepeth,OSM,54.736376,-1.6568455
"Newton Heath, Droylsdon, Bradford, and Failsworth",YQL,53.503065,-2.180485
Cockfield,OSM,52.1559118,0.7864055
Coniscliffe,OSM,54.5330084,-1.6513571
Akerington ,YQL,53.750778,-2.36675
Denton,OSM,53.4547745,-2.1153406
Gainford,OSM,54.5463647,-1.7379864
Hamsterley,OSM,54.6741274,-1.819775
Haughton,OSM,53.1028035,-2.6318563
Heighington,OSM,54.5957578,-1.6146806
Merrington,OSM,54.6767567,-1.5973954
Oldham,YQL,53.53993,-2.11429
Teasdale,OSM,54.6044147,-2.0142332
Sadberge,OSM,54.54619785,-1.47130750048139
Stanhope,OSM,54.7487932,-2.009305
Tonge,YQL,52.80594,-1.37953
Whitworth,OSM,53.6644268,-2.1734056
Whorlton,OSM,54.5289531,-1.8379513
Winston,OSM,54.5464531,-1.7832404
Wolsingham,OSM,54.7305071,-1.8856574
Weer,OSM,51.7883242,-1.2635997
Castle Eden,OSM,54.7330616,-1.345441
Croxdale,OSM,54.728551,-1.5862398
"Durham, North Bailey",OSM,54.7737779,-1.5747552
Dale,OSM,51.7075201,-5.1694437
"Durham, South Bailey",OSM,54.7712752,-1.5767485
"Durham, St Giles'",OSM,54.77799795,-1.56015920029838
Easington,OSM,51.7871889,-1.0051337
Kelloe,OSM,54.7204467,-1.4763571
Spring,OSM,54.0468721,-2.4544984
"Durham, St Margaret's",OSM,54.77359795,-1.5829037259308
"Durham, St Nicholas",OSM,54.7869059,-1.5974425
Pittington,OSM,54.7924219,-1.4878375
Seaham,OSM,54.8372106,-1.3355612
Sherburn Hospital,OSM,54.7679748,-1.5228179
St Oswald,OSM,53.7345362,-1.40862044449045
Sunderland,OSM,54.9063791,-1.375053
Billingham,OSM,54.5999938,-1.28228446159162
"Bishop's Middleham",OSM,54.6778098,-1.4869003
Trimdon,OSM,54.7164466,-1.4269011
Bishopton,OSM,54.5856648,-1.4390978
Dinsdale,OSM,54.5150061,-1.4671108
Eaglescliffe,OSM,54.5313007,-1.3483509
Elwick ,OSM,54.6842311,-1.2950076
Greatham,OSM,54.64210815,-1.23836093795668
Elton,OSM,53.2754849,-2.8121206
Great Stainton,OSM,54.5927269,-1.4792665
Grindon,OSM,54.8900293,-1.4381837
Hartlepool,OSM,54.6957009,-1.2003161
Hart,OSM,51.2761671,-0.892798880562381
Hurworth,OSM,54.4868046,-1.5256987
Norton,OSM,54.1310669,-0.7838185
Sedgefield,OSM,54.6538278,-1.4538006
"Middleton, St George",OSM,52.6173358,-1.7321465
Long Newton,OSM,52.7330716,0.1182684
Red Marshall,OSM,50.828457,-2.1855561
Sockburn,OSM,52.660511,-1.0592585
Stranton,OSM,54.6795889,-1.2138993
Alphamstone,OSM,51.9847747,0.7324578
Ashen,OSM,52.0517288,0.5442714
Belchamp St Paul,OSM,52.0503445,0.6102151
Belchamp Walter,OSM,52.0337511,0.650964
Birdbrook,OSM,52.0407493,0.4885549
Bocking,OSM,53.838148,-1.9296729
Borley,OSM,52.055484,0.6922172
Braintree,OSM,51.8790108,0.5501584
Ballingdon,OSM,51.4541892,-0.1588554
Bulmer,OSM,52.0282156,0.6836784
"Bumpstead, Steeple",OSM,52.0368163,0.453474344578685
Finchingfield,OSM,51.9691733,0.4502814
Felstead,OSM,53.5566807,-2.7718305
Foxearth,OSM,52.069573,0.6762303
Gestingthorpe,OSM,52.0165944,0.640262
Gosfield,OSM,51.9370989,0.5929884
Halstead,OSM,51.9437801,0.6391574
Hedingham Castle,OSM,51.99249205,0.601478130180148
Hedingham Sible,OSM,51.9827831,0.5920943
Lamarsh,OSM,51.9876314,0.7509501
Liston,OSM,52.0701322,0.7016819
Middleton,OSM,53.5484755,-2.1972661
Ovington,OSM,54.5276793,-1.7995009
Panfield,OSM,51.9015835,0.515632
Pebmarsh,OSM,51.9679019,0.6946073
Pentlow,OSM,52.0715272,0.6454674
Ridgwell,OSM,51.5185111,0.0382202
Shalford,OSM,51.2122503,-0.565412
Stambourne,OSM,52.020361,0.5031467
Stebbing,OSM,51.8910029,0.4125159
Stisted,OSM,51.892344,0.6158891
Clare,OSM,52.20508935,0.115091728250615
Twinstead,OSM,51.9965368,0.7087295
Rayne,OSM,51.8760882,0.5055488
Wethersfield,OSM,51.9528836,0.4903643
Wickham St Paul,OSM,51.9950363,0.6657647
Southampton,OSM,50.9025349,-1.404189
"St Alban's, St Michael's",OSM,51.7535967,-0.3543263
Sandridge,OSM,51.7806895,-0.3055771
Bluntisham cum Earith,OSM,52.3510768,0.013485
Broughton,OSM,53.1650183,-2.9875151
Bury,OSM,52.2460367,0.7125173
Redbourn,OSM,51.8028375,-0.3973308
Hartford,OSM,53.2438398,-2.5476682
Holywell cum Needingworth,OSM,52.32994575,-0.0506138123301589
Ramsey ,OSM,52.4494068,-0.1021136
Colne,OSM,53.8567728,-2.1691238
Ripton Abbots,OSM,52.3870901,-0.1923209
"St Alban's, St Stephen's",OSM,51.7412875,-0.3476022
St Ives,OSM,50.214344,-5.4800019
Ripton King,OSM,52.3377798,-0.1596963
Somersham,OSM,52.0979935,1.0426219
Woodhurst and Oldhurst,OSM,52.3813105,-0.0440527
Barham,OSM,51.2044715,1.1569061
Brampton,OSM,54.9423109,-2.7359606
Warboys,OSM,52.4041489,-0.0793559
Wistow,OSM,53.8133173,-1.1003587
Brington,OSM,52.369716,-0.4100004
Buckworth,OSM,52.3786718,-0.3108027
Bythorn,OSM,52.37075,-0.4501128
Covington,OSM,52.3250958,-0.4532843
Easton,OSM,52.1794151,1.3356729
Edlington,OSM,53.2255503,-0.1541342
"Gidding, Steeple",OSM,52.4075828,-0.336491666018442
Graffham,OSM,50.95737355,-0.688649843380599
Hamerton,OSM,52.4053221,-0.3318714
Keyston,OSM,52.3662058,-0.4684638
Kimbolton,OSM,52.2483369,-2.6992851
Leighton,OSM,51.1936134,-2.425976
Molesworth,OSM,52.3704941,-0.4269704
Spaldwick,OSM,52.3423268,-0.3452323
Stow,OSM,52.9008165,-0.3700508
Swineshead,OSM,52.2790839,-0.4505649
Caldecote,OSM,52.0296666,-0.1997428
Chesterton,OSM,51.8871011,-1.1857238
Conington,OSM,52.2786319,-0.0653321
Denton,OSM,53.4547745,-2.1153406
Elton,OSM,53.2754849,-2.8121206
Alwalton,OSM,52.5486923,-0.3313716
Farcett,OSM,52.5126879,-0.1431547
Fletton,OSM,51.85810245,1.27817955
Folksworth,OSM,52.4957566,-0.31315
Glatton,OSM,52.4624333,-0.3009299
Haddon,OSM,52.520518,-0.3292857
Morborn,OSM,52.5382199,-0.2706026
Holme,OSM,53.1238509,-0.802644
Woolley,OSM,50.9224621,-4.4848334
Stibbington,OSM,52.57516855,-0.397084647246585
Stilton,OSM,52.4892606,-0.2869974
Woodstone,OSM,52.05430575,1.31961408732423
Woodwalton,OSM,52.4138762,-0.2108421
Yaxley,OSM,52.5188785,-0.2530088
Water Newton,OSM,52.561071,-0.3668296
Abbotsley,OSM,52.1934642,-0.2038729
Diddington,OSM,52.2778571,-0.2456742
Eynesbury,OSM,52.2225358,-0.2621923
Buckden,OSM,52.29416885,-0.248858964029052
Fen Stanton,OSM,52.7596453,0.0575122
Hail Weston,OSM,52.2448896,-0.2948642
Godmanchester,OSM,52.3190233,-0.1728001
Hilton,OSM,51.87661815,0.211287428192582
St Neots,OSM,52.2275439,-0.2707598
Southoe,OSM,52.2645461,-0.266987
Waresley,OSM,52.1759197,-0.1739093
Toseland (parish),OSM,52.2638768,-0.141466599834462
Buckland,OSM,51.8027259,-0.7136715
Ewell,OSM,51.3502402,-0.2511759
Dover,OSM,51.1299804,1.308319
Guston,OSM,51.1537133,1.3209485
"Langdon, West",OSM,50.708425,-4.5394878
Lydden,OSM,51.1622636,1.2413013
Chislett,OSM,51.7224764,0.4803064
Hoath,OSM,51.3348461,1.1629018
Reculver,OSM,51.3787239,1.1978418
Hearne,OSM,54.3414803,-2.2294567
Stourmouth,OSM,51.3142232,1.2508692
Sturry,OSM,51.3009706,1.1222714
Swalecliffe,OSM,51.3660446,1.0681869
River,OSM,50.9981242,-0.6646225
Westbere,OSM,51.3081488,1.1441012
"Hardres, Lower",OSM,51.24186975,1.08048843425003
Bridge,OSM,51.4491543,-2.58065147699346
Nackington,OSM,51.2495575,1.0896208
"Hardres, Upper",OSM,51.20789595,1.07981039976623
Patrixbourne,OSM,51.2544175,1.1339347
Petham,OSM,51.2227977,1.0458788
Waltham,OSM,51.1981586,1.0165175
Ripple,OSM,52.0389907,-2.1827791
Adisham,OSM,51.241333,1.1987125
Ickham,OSM,51.2786172,1.184417
Staple,OSM,51.2633835,1.254971
Stodmarsh,OSM,51.3008647,1.1827564
Barfreston,OSM,51.205906,1.2397056
Norborne ,OSM,51.4880781,-1.849348
Chillenden,OSM,51.2358376,1.2506796
Denton,OSM,53.4547745,-2.1153406
Eastry,OSM,51.2471833,1.3075977
Knowlton,OSM,51.2335573,1.2667541
Waldershare,OSM,51.1863826,1.2763154
Woodnesborough,OSM,51.2658479,1.3053454
Barham,OSM,51.2044715,1.1569061
Bishopsbourne,OSM,51.2302312,1.1336489
Elmstone,OSM,51.2984968,1.2367524
Kingston,OSM,51.4096275,-0.3062621
Birchington,OSM,51.3738656,1.3070867
Word ,OSM,51.5237188,-0.108233033388956
Minster,OSM,51.423865,0.8027202
"St John's ",OSM,51.5272932,-2.0129632
St Lawrence,OSM,50.5843589,-1.2494587
St Nicholas at Wade,OSM,51.3520501,1.2535235
"St Dunstan's",OSM,51.5168368,-0.0416582597707006
Harbledown,OSM,51.2818291,1.0565754
Longport (borough),OSM,51.2816568,1.0825497
Seasalter,OSM,51.3482196,1.0050626
Whitstable,OSM,51.3584065,1.0265284
"Holy Cross, Westgate",OSM,51.3981532,-0.235889239069523
Ash,OSM,50.9827424,-2.7501406
Nonington,OSM,51.223678,1.2346871
Wingham,OSM,51.272594,1.2154292
Sutton at Hone,OSM,51.4109769,0.2353934
Brasted,OSM,51.2776556,0.1108946
Chevening,OSM,51.2972452,0.1346404
New Romney,OSM,50.9851198,0.9426566
Halstead,OSM,51.9437801,0.6391574
Otford,OSM,51.3125727,0.189574
Seal and Kemsing,OSM,51.2970371,0.2476355
Shoreham,OSM,50.8322307,-0.2746717
Sevenoaks,OSM,51.2719654,0.1914386
Sundridge,OSM,51.2792625,0.1285706
Cowden,OSM,51.1556848,0.1098987
Groombridge,OSM,51.1150002,0.1850719
Penshurst,OSM,51.1723859,0.1825263
Edenbridge,OSM,51.1958271,0.0639341
Goodnestone,OSM,51.2467467,1.2305291
Chiddingstone,OSM,51.1859525,0.1459135
Westerham,OSM,51.2671155,0.0706133
Broughton,OSM,53.1650183,-2.9875151
Barnacre,OSM,51.6442032,-1.0096399
Bilborough,OSM,52.9687304,-1.2277774
Claughton,OSM,53.3904141,-3.0460143
Wyersdale,OSM,53.57607485,-2.37790665166735
Warton,OSM,55.3208918,-1.9899246
Weeton,OSM,53.8061151,-2.9337366
Wharles,OSM,53.8168446,-2.8423186
Lytham,OSM,53.7393145,-2.9640258
Pilling,OSM,53.9298051,-2.9071468
Carlton,OSM,54.5896712,-1.3895641
Preston,OSM,53.7589938,-2.7051618
Stalmine,OSM,53.901804,-2.9535335
Balderston,OSM,52.6340835,1.2948416
Billington,OSM,51.8960148,-0.6336747
Wood Plumpton,OSM,50.9376164,-0.0592156
Clayton le Dale,OSM,53.7904653,-2.5154677
"Darwen, Lower",OSM,53.7216984,-2.4710068
Little Harwood,OSM,53.7596845,-2.4613726
Livesey,OSM,53.7181789,-2.5261304
Osbaldeston,OSM,53.7829336,-2.5379808
Pleasington,OSM,53.7310002,-2.5443373
Samlesbury,OSM,53.7685935,-2.6189822
Witton,OSM,52.5122032,-1.8839156
Bank],OSM,51.5133798,-0.0889552
Chipping,OSM,51.9707015,-0.028365
Accrington,OSM,53.7541156,-2.3655434
Aighton Bailey,OSM,53.8558414,-2.4997926
Burnley,OSM,53.7907262,-2.2439196
Chatburn,OSM,53.8919482,-2.3543148
Altham,OSM,53.7924398,-2.3530292
Clitheroe (borough),OSM,53.8717465,-2.3926783
Downham,OSM,51.426111,0.0064566
Extwistle,OSM,53.7996206,-2.1537231
Filley Close,OSM,51.0176786,-2.3424943
Habergham Eaves,OSM,53.7689451,-2.2583834
Hapton,OSM,53.7815759,-2.3169319
Haslingden,OSM,53.7055652,-2.3259359
Heyhouses,OSM,53.7525729,-2.9929345
Mearley,OSM,53.781891,-2.6640498
Pendle,OSM,53.8785095,-2.17149729581634
"New Church, Rossendale",OSM,53.6917561,-2.1926694
Reade,OSM,53.3334486,-3.001832
Reedley Hallows,OSM,53.8098092,-2.2424235
Simonstone,OSM,53.8042553,-2.345883
Wiswell,OSM,53.8324942,-2.3881635
Pendleton,OSM,53.4892329,-2.2841576
Worston,OSM,53.8803585,-2.353494
Chorley,OSM,53.6531979,-2.6294742
"Croston, with",OSM,53.7483286,-2.4561624
Bretherton,OSM,53.6799263,-2.7985303
Mawdesley,OSM,53.6269743,-2.7669353
Rufford,OSM,53.6346539,-2.8165363
Tarleton,OSM,53.6794625,-2.8301134
Walton,OSM,51.9717993,1.3402055
"Eccleston, with",OSM,53.5657227,-1.0635123
Heskin,OSM,53.6321484,-2.708589
Parbold,OSM,53.593266,-2.7686442
Wrightington,OSM,53.6158555,-2.7058369
Clayton,OSM,53.7814093,-1.8181026
Cuerden,OSM,53.7118798,-2.6837939
Euxton,OSM,53.6656765,-2.676212
Hoole,OSM,53.2008848,-2.8745633
"Leyland, with",OSM,51.9815012,-1.0151514
Wood,OSM,57.42160445,-2.42652030659328
Farrington,OSM,52.16418465,-2.19227515810255
Houghton ,OSM,51.0986289,-1.52156595488639
Howick,OSM,55.453291,-1.5958846
Longton,OSM,52.9854852,-2.1291025
Anderton,OSM,53.2742336,-2.530332
Adlington,OSM,53.6162952,-2.6000481
Charnock Heath,OSM,53.6248734,-2.6079559
Charnock Richard,OSM,53.6368776,-2.6785076
Duxbury,OSM,53.63742405,-2.62608130739989
Langtree,OSM,50.9187091,-4.2072912
Welch Whittle,OSM,53.6263676,-2.6806879
Shevington,OSM,53.5709871,-2.6926066
Coppull,OSM,53.6090706,-2.6739335
Worthington,OSM,53.59677455,-2.63593690663323
Lyne,OSM,58.0831954,-4.965983
Bury and Radcliffe,OSM,53.5593382,-2.3261546
Radcliffe,OSM,53.5593382,-2.3261546
"Tottington, Lower",OSM,53.5948839,-2.3874467
Ainsworth,OSM,53.58619,-2.3560596
"Birtle, Bamford, and Ashworth",OSM,53.6236849,-2.2395125
Hopwood,OSM,52.3775873,-1.9588456
Pilsworth,OSM,53.57673865,-2.26366544346483
Thornham,OSM,52.9617373,0.5809291
Huddersfield,OSM,53.6467031,-1.7832077
Castleton,OSM,53.3430786,-1.7746203
Butterworth,OSM,53.607028,-2.1026249